{"gmcc": 1.000138471567023, "joints mean absolute error": 0.048232371181485455}