{"gmcc": 1.000014277063578, "joints mean absolute error": 0.048234075669038035}