{"gmccs": {"mean": 1.0000210334303268, "std": 0.00010132897452051358}, "joints mean absolute error": {"mean": 0.14226259393723564, "std": 0.11351441250349534}}