{"execution_time": 32.25847268104553, "generation_time": 0.5857584476470947}