{"gmcc": 0.9992901386233017, "joints mean absolute error": 0.011821261983658645}