{"execution_time": 23.818971872329712, "generation_time": 0.7666866779327393}