{"gmcc": 0.9919809484462775, "joints mean absolute error": 0.0009859817638200573}