{"gmcc": 1.0000651393921753, "joints mean absolute error": 0.14236767893796554}