{"gmcc": 1.0000157990412797, "joints mean absolute error": 0.14236699210018613}