{"gmcc": 0.9999001763179765, "joints mean absolute error": 0.19196919823889078}