{"pos_error": 1.2736412721013877, "ori_error": 0.001372237670174303, "j_error": 0.4004598444689659}