{"gmcc": 1.0000603141092328, "joints mean absolute error": 0.04823237118152335}