{"execution_time": 28.192744731903076, "generation_time": 0.6348960399627686}