{"gmcc": 0.9657444438844953, "joints mean absolute error": 6.247755024446633e-08}