{"gmcc": 0.9997100628137168, "joints mean absolute error": 0.032821056205759445}