{"gmcc": 0.9999714702890814, "joints mean absolute error": 0.014944407545820937}