{"gmcc": 1.0000832483391797, "joints mean absolute error": 0.2845185482763511}