{"gmcc": 0.9999559729874319, "joints mean absolute error": 0.0149444075458068}