{"gmcc": 0.996476374678388, "joints mean absolute error": 0.0002736138691073961}