{"gmcc": 1.0000827040659432, "joints mean absolute error": 0.14082507191024263}