{"gmcc": 0.9998493371506185, "joints mean absolute error": 0.19455604683972036}