{"gmcc": 0.9992874177463851, "joints mean absolute error": 0.04102982861199537}