{"gmcc": 1.0000428115740037, "joints mean absolute error": 0.04825579562795331}