{"gmcc": 1.000056603309453, "joints mean absolute error": 0.28451854827637035}