{"gmcc": 0.9998188809002142, "joints mean absolute error": 0.19196919823880934}