{"gmcc": 1.000172107946557, "joints mean absolute error": 0.04823237118152098}