{"execution_time": 31.721421480178833, "generation_time": 0.4224371910095215}