{"gmcc": 0.9992653627720574, "joints mean absolute error": 0.01182137713414505}