{"gmcc": 0.9999233811976194, "joints mean absolute error": 0.19280248661815502}