{"gmcc": 1.000004633435537, "joints mean absolute error": 0.04818889229441522}