{"gmcc": 0.9999371773013404, "joints mean absolute error": 0.014944407545868158}