{"gmcc": 0.9996977965000011, "joints mean absolute error": 0.19455604683975544}