{"gmcc": 0.9998882481215209, "joints mean absolute error": 0.021763042672214333}