{"gmcc": 1.000101979016675, "joints mean absolute error": 0.048255795627933175}