{"gmcc": 0.9998393441877621, "joints mean absolute error": 0.1928024866181938}