{"gmcc": 1.000058149480926, "joints mean absolute error": 0.04825579562791601}