{"execution_time": 29.68850064277649, "generation_time": 0.6893172264099121}