{"gmcc": 0.9998164719852476, "joints mean absolute error": 0.18922700705665849}