{"gmcc": 0.9999225635386766, "joints mean absolute error": 0.22129610921539702}