{"gmcc": 1.000112352441087, "joints mean absolute error": 0.0482323711815722}