{"gmcc": 0.9998647688172901, "joints mean absolute error": 0.0149444075458068}