{"gmcc": 0.9997929211350185, "joints mean absolute error": 0.19192763321031828}