{"gmcc": 0.9999465171551637, "joints mean absolute error": 0.014996622305925023}