{"gmcc": 1.0001051506240288, "joints mean absolute error": 0.14236767893797264}