{"gmcc": 1.0000423901804463, "joints mean absolute error": 0.28422136401264336}