{"gmcc": 0.999342059264616, "joints mean absolute error": 0.04103016158060376}