{"gmcc": 1.00008508326716, "joints mean absolute error": 0.2845158816925715}