{"gmcc": 1.000140082973234, "joints mean absolute error": 0.14236767893797087}