{"gmccs": {"mean": 0.9978799527575065, "std": 0.0024679412731806473}, "joints mean absolute error": {"mean": 0.09682767943246362, "std": 3.8266854472582125e-07}}