{"preprocessing_time": 40.7162127494812, "prob_encoding_time": 51.61546874046326, "regression_time": 0.004982709884643555, "trajectory_time": 19.816579580307007, "training_time": 112.15324378013611, "task_name": "TIMO_difficult"}