{"gmcc": 0.9997829233759654, "joints mean absolute error": 0.221296109215392}