{"gmcc": 1.0000241613547747, "joints mean absolute error": 0.142367678937975}