{"gmcc": 0.9999543094387906, "joints mean absolute error": 0.04823407566903034}