{"gmcc": 0.9998828438315023, "joints mean absolute error": 0.01494440754584995}