{"gmcc": 1.000002425390892, "joints mean absolute error": 0.048234075669032705}