{"gmccs": {"mean": 0.9806615626693083, "std": 0.017732850420199328}, "joints mean absolute error": {"mean": 6.247734531209896e-08, "std": 4.2773162838267097e-13}}