{"gmcc": 1.0000802904923174, "joints mean absolute error": 0.14236699210020673}