{"gmcc": 1.0000830733462323, "joints mean absolute error": 0.26601297269518237}