{"gmcc": 1.0000574488968943, "joints mean absolute error": 0.14236763342596012}