{"gmcc": 1.0001462676265696, "joints mean absolute error": 0.2845158816925739}