{"gmcc": 1.0000981662172492, "joints mean absolute error": 0.14236767893797087}