{"gmcc": 1.0000872425925946, "joints mean absolute error": 0.28451588169259284}