{"gmcc": 0.9999050924430318, "joints mean absolute error": 0.1919691982388405}