{"gmcc": 1.0000689829536746, "joints mean absolute error": 0.284515881692568}