{"gmcc": 0.9999900708575744, "joints mean absolute error": 0.2212961092153476}