{"gmcc": 1.0000264634250244, "joints mean absolute error": 0.14082507191021895}