{"gmcc": 0.9999763237097838, "joints mean absolute error": 0.014944407545823305}