{"gmcc": 0.9998519362629203, "joints mean absolute error": 0.191927633210306}