{"gmcc": 1.0000607976379818, "joints mean absolute error": 0.14236767893802238}