{"gmccs": {"mean": 0.9654589086333372, "std": 0.03498510536649405}, "joints mean absolute error": {"mean": 0.0002736043917053429, "std": 1.3867679320223874e-08}}