{"preprocessing_time": 28.667794466018677, "prob_encoding_time": 57.35434103012085, "regression_time": 0.002999544143676758, "trajectory_time": 17.682011127471924, "training_time": 103.70714616775513, "task_name": "LUKAS_drill1"}