{"gmcc": 1.000201084595647, "joints mean absolute error": 0.1423669921002073}