{"gmcc": 1.0000177673455746, "joints mean absolute error": 0.2845185482763517}