{"gmcc": 0.9999362709959705, "joints mean absolute error": 0.014944407545849359}