{"gmccs": {"mean": 0.9922520670114524, "std": 0.011887864511177815}, "joints mean absolute error": {"mean": 0.03282089732362259, "std": 2.510924990422293e-07}}