{"preprocessing_time": 25.77721381187439, "prob_encoding_time": 80.61399149894714, "regression_time": 0.003977775573730469, "trajectory_time": 21.66462254524231, "training_time": 128.05980563163757, "task_name": "collab1"}