{"gmcc": 1.0000998150221758, "joints mean absolute error": 0.14236763342588551}