{"gmcc": 0.9442660229364543, "joints mean absolute error": 0.0002735980476499626}