{"gmcc": 0.9998154880582225, "joints mean absolute error": 0.19196919823886235}