{"gmcc": 1.0000893837523175, "joints mean absolute error": 0.14082507191026453}