{"gmcc": 0.9999265437474519, "joints mean absolute error": 0.19280248661814495}