{"gmcc": 0.9997965728388403, "joints mean absolute error": 0.19455604683976344}