{"gmcc": 1.0000070566146668, "joints mean absolute error": 0.04823237118149774}