{"gmcc": 1.0000037010477438, "joints mean absolute error": 0.04818889229441522}