{"gmcc": 1.0000521954465293, "joints mean absolute error": 0.1408250719102213}