{"gmcc": 0.9999939606405179, "joints mean absolute error": 0.04825579562791008}