{"gmcc": 0.920436514334986, "joints mean absolute error": 0.000273585948478335}