{"gmcc": 0.9998288585860429, "joints mean absolute error": 0.19455604683978103}