{"gmcc": 1.0001530059838615, "joints mean absolute error": 0.28451588169257863}