{"execution_time": 29.05658483505249, "generation_time": 0.5208241939544678}