{"pos_error": 0.005418486873636606, "ori_error": 1.5021007178613971e-05, "j_error": 0.032184894267102436}