{"gmcc": 0.999888698453867, "joints mean absolute error": 0.02176304267218665}