{"gmcc": 0.9999868705743171, "joints mean absolute error": 0.14082507191025742}