{"gmcc": 1.000111533395209, "joints mean absolute error": 0.04818889229442114}