{"gmcc": 0.9997986095167944, "joints mean absolute error": 0.19455604683972658}