{"execution_time": 31.006145000457764, "generation_time": 0.43322014808654785}