{"gmcc": 0.9750300327085422, "joints mean absolute error": 0.032820523872492936}