{"gmcc": 1.0000453342753968, "joints mean absolute error": 0.048255795627931995}