{"gmcc": 1.0000218358373996, "joints mean absolute error": 0.04825579562796042}