{"gmcc": 1.0001675801934105, "joints mean absolute error": 0.14082507191026217}