{"gmcc": 0.9998939759149047, "joints mean absolute error": 0.021763042672214333}