{"execution_time": 28.48074173927307, "generation_time": 0.3348884582519531}