{"pos_error": 0.012411285187297725, "ori_error": 5.256746872597789e-05, "j_error": 0.4873697608318603}