{"gmcc": 1.0001640044093607, "joints mean absolute error": 0.14236763342588551}