{"gmcc": 0.9999485296868172, "joints mean absolute error": 0.014944407545857075}