{"gmcc": 1.0001224327597888, "joints mean absolute error": 0.04818889229442883}