{"gmcc": 0.9998040461966252, "joints mean absolute error": 0.19192763321026382}