{"gmcc": 1.0000551516691356, "joints mean absolute error": 0.048232371181519795}