{"execution_time": 29.150264978408813, "generation_time": 0.32735133171081543}