{"gmcc": 1.0000533169752184, "joints mean absolute error": 0.04825579562795331}