{"gmcc": 0.9999159742651704, "joints mean absolute error": 0.014944407545848101}