{"gmcc": 1.000153405700715, "joints mean absolute error": 0.04818889229441995}