{"gmcc": 0.999943798252517, "joints mean absolute error": 0.014944407545818272}