{"gmcc": 1.0000457103180986, "joints mean absolute error": 0.2845158816925621}