{"gmcc": 0.9999513427345501, "joints mean absolute error": 0.021763042672186355}