{"gmcc": 1.0000747234843312, "joints mean absolute error": 0.2845158816925739}