{"gmcc": 0.999920280827996, "joints mean absolute error": 0.1892270070566552}