{"gmcc": 0.9999588603774646, "joints mean absolute error": 0.021763042672193162}