{"execution_time": 24.022902965545654, "generation_time": 0.6960141658782959}