{"gmcc": 0.9876850737965022, "joints mean absolute error": 6.24767646506541e-08}