{"gmcc": 1.0001340663360825, "joints mean absolute error": 0.04825579562795331}