{"gmcc": 1.0000520481282211, "joints mean absolute error": 0.14236699210021117}