{"gmcc": 1.0000781578710645, "joints mean absolute error": 0.2845158816925715}