{"gmcc": 1.000021339323288, "joints mean absolute error": 0.1423676334258861}