{"gmcc": 1.0000629477196756, "joints mean absolute error": 0.2660129726951877}