{"gmcc": 0.9998013660135483, "joints mean absolute error": 0.014944407545962934}