{"execution_time": 29.03178095817566, "generation_time": 0.5347390174865723}