{"gmcc": 1.0001527208039263, "joints mean absolute error": 0.14236767893802357}