{"gmcc": 0.9998808972620254, "joints mean absolute error": 0.14236767893803245}