{"gmcc": 0.9999876044938814, "joints mean absolute error": 0.014996622305925614}