{"gmcc": 1.0001368701932887, "joints mean absolute error": 0.14236767893802119}