{"execution_time": 32.68421149253845, "generation_time": 0.5653150081634521}