{"gmcc": 0.9995777162572868, "joints mean absolute error": 0.03282107753353736}