{"gmcc": 1.000054582944784, "joints mean absolute error": 0.04823407566904869}