{"gmcc": 0.9999232878024361, "joints mean absolute error": 0.2845158816925644}