{"gmcc": 1.000022228636297, "joints mean absolute error": 0.2845158816925739}