{"gmcc": 0.9999412799962741, "joints mean absolute error": 0.021763042672160598}