{"execution_time": 26.578513383865356, "generation_time": 0.5472743511199951}