{"pos_error": 0.0036891733491319976, "ori_error": 1.7520056810470738e-05, "j_error": 0.5132214806991333}