{"gmcc": 0.9272212404563156, "joints mean absolute error": 0.0002735916326962092}