{"gmccs": {"mean": 0.9997160886044347, "std": 0.0003007317621072806}, "joints mean absolute error": {"mean": 0.00047827776320696533, "std": 1.8163827325122727e-09}}