{"gmcc": 0.999833685232812, "joints mean absolute error": 0.19280248661821173}