{"gmcc": 0.9998853906485236, "joints mean absolute error": 0.18922700705665907}