{"gmcc": 1.0000076691550905, "joints mean absolute error": 0.04823407566902679}