{"gmcc": 0.9999844901644287, "joints mean absolute error": 0.1928024866181414}