{"gmcc": 0.9998293595000824, "joints mean absolute error": 0.19455604683974084}