{"gmcc": 0.9999970623857117, "joints mean absolute error": 0.2845173530060959}