{"gmcc": 0.9998735686436642, "joints mean absolute error": 0.1919691982388422}