{"gmcc": 0.9999093907655394, "joints mean absolute error": 0.1928024866181759}