{"gmcc": 0.9999467770275208, "joints mean absolute error": 0.02176304267222336}