{"gmcc": 1.0000793435084683, "joints mean absolute error": 0.2845173530061261}