{"gmcc": 1.0001382615727517, "joints mean absolute error": 0.14236763342588432}