{"gmcc": 1.0000762153244263, "joints mean absolute error": 0.2842213640126386}