{"gmcc": 1.000110322318078, "joints mean absolute error": 0.1423676789380277}