{"gmcc": 0.9999400941913474, "joints mean absolute error": 0.014996622305925763}