{"gmcc": 1.00007435416178, "joints mean absolute error": 0.0482340756690481}