{"gmcc": 0.9998269816540648, "joints mean absolute error": 0.1919691982388576}