{"gmcc": 1.0001665348853788, "joints mean absolute error": 0.14236763342588432}