{"gmcc": 1.0000573413141856, "joints mean absolute error": 0.1423669921002014}