{"gmcc": 1.000062361897585, "joints mean absolute error": 0.048188892294416995}