{"gmcc": 1.0001095221565457, "joints mean absolute error": 0.04823407566903093}