{"gmcc": 1.0000687488319677, "joints mean absolute error": 0.28451588169256087}