{"gmcc": 0.9997520678665444, "joints mean absolute error": 0.1945560468397868}