{"gmcc": 0.9999345074947696, "joints mean absolute error": 0.04823237118158019}