{"execution_time": 41.24454998970032, "generation_time": 0.7415852546691895}