{"gmcc": 0.9985482122711853, "joints mean absolute error": 0.04103040931855767}