{"gmcc": 0.9996499582348453, "joints mean absolute error": 0.03282106949093566}