{"gmcc": 0.9133650549754266, "joints mean absolute error": 0.0002735815850373931}