{"gmcc": 0.9999406958206518, "joints mean absolute error": 0.021763042672221733}