{"gmccs": {"mean": 0.9999235676547676, "std": 4.540684821057411e-05}, "joints mean absolute error": {"mean": 0.014944407545852693, "std": 3.929326138734459e-14}}