{"gmcc": 0.9998812141563361, "joints mean absolute error": 0.19280248661815355}