{"gmcc": 0.999903247744669, "joints mean absolute error": 0.1423669921001589}