{"gmcc": 0.9999786888263508, "joints mean absolute error": 0.19280248661819602}