{"gmcc": 0.9998624683853825, "joints mean absolute error": 0.014944407545813684}