{"gmcc": 0.9998835251133573, "joints mean absolute error": 0.19455604683976416}