{"gmcc": 0.9999424838722846, "joints mean absolute error": 0.01494440754585713}