{"gmcc": 0.9999999725650411, "joints mean absolute error": 0.04825579562791186}