{"gmcc": 0.9999467033876963, "joints mean absolute error": 0.021763042672223953}