{"gmcc": 1.0000962106182596, "joints mean absolute error": 0.14236767893796967}