{"gmcc": 0.9999326598368958, "joints mean absolute error": 0.19196919823888203}