{"gmccs": {"mean": 0.9998601734144211, "std": 7.336633186154873e-05}, "joints mean absolute error": {"mean": 0.1919691982388547, "std": 2.1737498674610837e-14}}