{"gmcc": 0.9960294283920768, "joints mean absolute error": 0.00027361715698367056}