{"gmcc": 1.0000703501296497, "joints mean absolute error": 0.2660129726951818}