{"gmcc": 0.9997899296587537, "joints mean absolute error": 0.1919691982388588}