{"gmcc": 1.000034890447113, "joints mean absolute error": 0.04825579562791068}