{"execution_time": 42.51117753982544, "generation_time": 0.9627125263214111}