{"gmcc": 0.9911467366528166, "joints mean absolute error": 0.005623800433717993}