{"gmcc": 0.9998891378879717, "joints mean absolute error": 0.18922700705665582}