{"gmcc": 1.0001024003919072, "joints mean absolute error": 0.048234075669032116}