{"gmcc": 1.0000515529230798, "joints mean absolute error": 0.2845185482763621}