{"gmcc": 1.0001104466755066, "joints mean absolute error": 0.1408250719102592}