{"gmcc": 0.9999764828863064, "joints mean absolute error": 0.021763042672221733}