{"gmcc": 0.9998841103233008, "joints mean absolute error": 0.19192763321029727}