{"gmcc": 0.9998223034654806, "joints mean absolute error": 0.18922700705665788}