{"gmcc": 0.9749951868004713, "joints mean absolute error": 0.0328205349555577}