{"execution_time": 38.66124701499939, "generation_time": 7.965487003326416}