{"gmcc": 0.998933318505842, "joints mean absolute error": 0.09682737955767144}