{"gmcc": 1.0000272574623694, "joints mean absolute error": 0.14236767893799515}