{"gmcc": 0.9999541521876153, "joints mean absolute error": 0.19192763321026382}