{"gmcc": 0.9998759872748418, "joints mean absolute error": 0.18922700705665552}