{"gmcc": 1.0002016750089946, "joints mean absolute error": 0.2845158816925715}