{"gmcc": 0.9962899491188577, "joints mean absolute error": 0.000931834313419542}