{"gmcc": 1.0000552505568372, "joints mean absolute error": 0.04825579562791008}