{"gmcc": 0.9999009751944009, "joints mean absolute error": 0.19192763321031783}