{"gmcc": 1.0000185427281092, "joints mean absolute error": 0.2842213640126256}