{"execution_time": 29.541733026504517, "generation_time": 0.3257312774658203}