{"gmcc": 1.0001705797794038, "joints mean absolute error": 0.14236699210020257}