{"gmcc": 0.9998627420952566, "joints mean absolute error": 0.021763042672256334}