{"gmcc": 0.9999244438511468, "joints mean absolute error": 0.014944407545846916}