{"gmcc": 1.0001579974256227, "joints mean absolute error": 0.28422136401264336}