{"gmcc": 0.9999168248442952, "joints mean absolute error": 0.014944407545908867}