{"gmcc": 1.000071641009158, "joints mean absolute error": 0.28451854827636797}