{"gmcc": 1.0000320299435588, "joints mean absolute error": 0.048232371181505584}