{"gmcc": 0.9990669164046506, "joints mean absolute error": 0.0009017688949477035}