{"gmcc": 0.9996991137745098, "joints mean absolute error": 0.19280248661820346}