{"gmcc": 1.0000660651465423, "joints mean absolute error": 0.28451735300610653}