{"gmcc": 0.9999738590657938, "joints mean absolute error": 0.1423676334259524}