{"execution_time": 27.95393705368042, "generation_time": 0.3137366771697998}