{"gmcc": 1.0000014651662035, "joints mean absolute error": 0.26601297269517826}