{"gmcc": 1.000090245034548, "joints mean absolute error": 0.048232371181485455}