{"gmcc": 1.0000110319192301, "joints mean absolute error": 0.2660129726952067}