{"gmcc": 0.9998214529935593, "joints mean absolute error": 0.22129610921538134}