{"gmcc": 1.0000937919939887, "joints mean absolute error": 0.28422136401264336}