{"execution_time": 30.65383219718933, "generation_time": 0.7492270469665527}