{"pos_error": 0.0262276571580612, "ori_error": 2.6395189112376756e-05, "j_error": 0.5889171780240141}