{"gmcc": 0.995452195606141, "joints mean absolute error": 0.000941896966894939}