{"gmcc": 1.0001141735446675, "joints mean absolute error": 0.2845173530060852}