{"gmcc": 0.9999387375654933, "joints mean absolute error": 0.02176304267222336}