{"gmcc": 0.9999047530024596, "joints mean absolute error": 0.014944407545861571}