{"gmcc": 1.0000907911490735, "joints mean absolute error": 0.284221364012641}