{"gmcc": 1.0001167639144077, "joints mean absolute error": 0.2845158816925668}