{"gmcc": 1.0000757682269517, "joints mean absolute error": 0.1408250719102527}