{"gmcc": 0.9999387446926206, "joints mean absolute error": 0.01499662230592321}