{"gmcc": 1.0000913959022317, "joints mean absolute error": 0.048232371181505584}