{"gmcc": 1.0001344537968557, "joints mean absolute error": 0.04825579562796042}