{"gmcc": 0.9998321920511397, "joints mean absolute error": 0.19192763321027329}