{"gmcc": 1.000059862794489, "joints mean absolute error": 0.04823237118158138}