{"gmcc": 0.9999607444948331, "joints mean absolute error": 0.14236767893793237}