{"gmcc": 0.9999396484737629, "joints mean absolute error": 0.014944407545858795}