{"gmcc": 0.9999780457342773, "joints mean absolute error": 0.26601297269520785}