{"gmcc": 0.9999375247884719, "joints mean absolute error": 0.01494440754582597}