{"gmcc": 0.9998390114855559, "joints mean absolute error": 0.1945560468397581}