{"gmcc": 1.000018632244025, "joints mean absolute error": 0.048234075669032116}