{"execution_time": 41.925212383270264, "generation_time": 0.4086570739746094}