{"gmcc": 1.0000037836484972, "joints mean absolute error": 0.04825579562795331}