{"gmcc": 1.0001533904635784, "joints mean absolute error": 0.14236767893801824}