{"gmcc": 0.9998031651999069, "joints mean absolute error": 0.1892270070566573}