{"gmcc": 0.9996177637965946, "joints mean absolute error": 0.1928024866182089}