{"gmcc": 1.0000771595716498, "joints mean absolute error": 0.2845158816925644}