{"gmcc": 0.9999514236466617, "joints mean absolute error": 0.00047827639964844365}