{"gmcc": 1.0000518167366204, "joints mean absolute error": 0.2845185482763591}