{"gmcc": 1.0001029341943197, "joints mean absolute error": 0.14236763342594724}