{"gmcc": 1.0001881308769267, "joints mean absolute error": 0.14236763342588432}