{"gmcc": 0.9998045387928762, "joints mean absolute error": 0.19196919823884714}