{"gmcc": 1.000057731472468, "joints mean absolute error": 0.28422136401264336}