{"gmcc": 0.9914970888820817, "joints mean absolute error": 0.005623516190929638}