{"gmcc": 0.9999660243900054, "joints mean absolute error": 0.014944407545868602}