{"gmcc": 1.000081371551465, "joints mean absolute error": 0.048255795627931995}