{"gmcc": 0.9998937233174578, "joints mean absolute error": 0.19192763321030717}