{"gmcc": 0.9998532609877302, "joints mean absolute error": 0.19280248661817737}