{"execution_time": 27.769392490386963, "generation_time": 24.217036724090576}