{"gmcc": 0.9957540755064418, "joints mean absolute error": 0.0010115651371047456}