{"gmcc": 0.9999785592765664, "joints mean absolute error": 0.28451588169256326}