{"gmcc": 0.9998788644705441, "joints mean absolute error": 0.19455604683972805}