{"gmcc": 1.000109422131401, "joints mean absolute error": 0.04818889229441462}