{"gmcc": 1.0000991046707923, "joints mean absolute error": 0.284515881692568}