{"gmcc": 0.9997961459823531, "joints mean absolute error": 0.1928024866181938}