{"gmcc": 0.99999514522663, "joints mean absolute error": 0.266012972695183}