{"gmcc": 1.0000864145845356, "joints mean absolute error": 0.0482340756690481}