{"gmcc": 0.99994899980978, "joints mean absolute error": 0.014944407545858166}