{"gmcc": 0.9999639141599332, "joints mean absolute error": 0.021763042672222326}