{"execution_time": 29.381162643432617, "generation_time": 0.4504265785217285}