{"pos_error": 0.004199999999997317, "ori_error": 2.475311099092534e-05, "j_error": 0.6401267338889347}