{"gmcc": 0.9971886336633877, "joints mean absolute error": 0.00027361692360017287}