{"gmcc": 1.000104744253247, "joints mean absolute error": 0.04823407566903093}