{"gmcc": 1.0000206561755256, "joints mean absolute error": 0.048232371181581225}