{"gmcc": 1.0001001150528586, "joints mean absolute error": 0.284221364012641}