{"gmcc": 0.9997832495255832, "joints mean absolute error": 0.1928024866182166}