{"gmcc": 1.0000625449511977, "joints mean absolute error": 0.28451588169256326}