{"execution_time": 42.433335304260254, "generation_time": 0.7359054088592529}