{"gmcc": 0.9998475107715341, "joints mean absolute error": 0.041029335530499}