{"gmcc": 1.000205291919667, "joints mean absolute error": 0.1423676334258873}