{"gmcc": 0.9998455443584169, "joints mean absolute error": 0.19455604683976432}