{"gmcc": 0.9999264637787889, "joints mean absolute error": 0.014944407545858166}