{"execution_time": 27.73008942604065, "generation_time": 6.568599700927734}