{"gmcc": 0.9936173596414357, "joints mean absolute error": 0.001012891915363671}