{"gmcc": 0.9999281469615859, "joints mean absolute error": 0.021763042672223953}