{"gmcc": 1.0001566226717424, "joints mean absolute error": 0.284221364012641}