{"execution_time": 26.473308086395264, "generation_time": 0.4758419990539551}