{"gmcc": 1.000024758310829, "joints mean absolute error": 0.2845173530061089}