{"gmcc": 1.0000132961201234, "joints mean absolute error": 0.04823237118151743}