{"gmcc": 1.0000375059702469, "joints mean absolute error": 0.26601297269518237}