{"gmcc": 0.999963563849479, "joints mean absolute error": 0.021763042672222326}