{"gmcc": 1.0000145645710208, "joints mean absolute error": 0.04818889229441581}