{"gmcc": 0.9989654706950641, "joints mean absolute error": 0.008293515402490867}