{"gmcc": 1.0000196187658796, "joints mean absolute error": 0.048255795627913045}