{"gmcc": 1.0000955474779543, "joints mean absolute error": 0.04825579562795568}