{"gmcc": 1.0000861626981918, "joints mean absolute error": 0.04825579562791186}