{"gmcc": 0.9999810623493727, "joints mean absolute error": 0.19192763321029227}