{"gmcc": 0.9998465327893962, "joints mean absolute error": 0.22129610921533663}