{"gmcc": 1.000121130981741, "joints mean absolute error": 0.14236763342588254}