{"gmcc": 0.99994059186998, "joints mean absolute error": 0.014944407545824934}