{"gmcc": 1.0000745659070527, "joints mean absolute error": 0.14236767893797442}