{"gmcc": 1.0000086772680816, "joints mean absolute error": 0.14082507191021895}