{"gmcc": 0.999852039458699, "joints mean absolute error": 0.19455604683973013}