{"gmcc": 1.0000428208962866, "joints mean absolute error": 0.14236763342595835}