{"gmcc": 1.0000491810347798, "joints mean absolute error": 0.1423676789379673}