{"gmcc": 0.9999507819950312, "joints mean absolute error": 0.1919276332102915}