{"gmcc": 0.9998591182660914, "joints mean absolute error": 0.014944407545934771}