{"gmcc": 1.0000304381689218, "joints mean absolute error": 0.04818889229441581}