{"gmcc": 0.9999176307545807, "joints mean absolute error": 0.1928024866182021}