{"gmcc": 1.0000565013821614, "joints mean absolute error": 0.2845173530061113}