{"pos_error": 0.004031128874112119, "ori_error": 1.5208613533764657e-05, "j_error": 0.4254740651169716}