{"gmcc": 0.9880308645095983, "joints mean absolute error": 0.011820860983680626}