{"gmcc": 1.0000758122268776, "joints mean absolute error": 0.04823237118150914}