{"gmcc": 1.0001100630407562, "joints mean absolute error": 0.28451735300608877}