{"execution_time": 40.43777942657471, "generation_time": 0.5223326683044434}