{"gmcc": 0.998470888128117, "joints mean absolute error": 0.0968278022482405}