{"execution_time": 33.439152240753174, "generation_time": 0.42260146141052246}