{"gmcc": 0.9999245134554154, "joints mean absolute error": 0.021763042672221733}