{"gmcc": 0.9999731193682924, "joints mean absolute error": 0.014944407545847879}