{"gmccs": {"mean": 0.9998883181977439, "std": 6.696888417007648e-05}, "joints mean absolute error": {"mean": 0.221296109215378, "std": 1.6079819745204977e-14}}