{"gmcc": 0.9999379668515304, "joints mean absolute error": 0.1423669921001706}