{"gmccs": {"mean": 0.9959840778079436, "std": 0.005277860283320613}, "joints mean absolute error": {"mean": 0.016649587543414775, "std": 0.022869685612506564}}