{"gmcc": 1.0000319666733768, "joints mean absolute error": 0.048255795627918374}