{"gmcc": 0.9998032664665985, "joints mean absolute error": 0.19196919823882683}