{"gmcc": 1.000176531870266, "joints mean absolute error": 0.28422136401264336}