{"execution_time": 28.13962721824646, "generation_time": 0.4248950481414795}