{"gmcc": 0.994952894812729, "joints mean absolute error": 0.00027361365629829937}