{"execution_time": 23.87669086456299, "generation_time": 0.763725996017456}