{"gmcc": 0.9970428264211026, "joints mean absolute error": 6.247719911793108e-08}