{"gmcc": 1.0001693496012516, "joints mean absolute error": 0.14236763342588313}