{"gmcc": 0.9999875129020993, "joints mean absolute error": 0.14082507191026084}