{"gmcc": 1.000073735999277, "joints mean absolute error": 0.28422136401263504}