{"gmcc": 1.0001194693894795, "joints mean absolute error": 0.2845185482763428}