{"gmcc": 1.0000863603926042, "joints mean absolute error": 0.28451588169256326}