{"gmcc": 1.0000608505085493, "joints mean absolute error": 0.048232371181485455}