{"gmcc": 0.9998874941914806, "joints mean absolute error": 0.021763042672193162}