{"gmcc": 0.9999094912270413, "joints mean absolute error": 0.021763042672193162}