{"gmcc": 1.000044197539694, "joints mean absolute error": 0.2845158816925621}