{"execution_time": 38.87554883956909, "generation_time": 0.8147175312042236}