{"gmcc": 0.9975527733330329, "joints mean absolute error": 0.04102876528375051}