{"gmcc": 1.0001398374478536, "joints mean absolute error": 0.04818889229442765}