{"gmcc": 1.0001849730963195, "joints mean absolute error": 0.14236763342588019}