{"gmcc": 1.0000628391309065, "joints mean absolute error": 0.2845185482763668}