{"gmcc": 0.9999307123391926, "joints mean absolute error": 0.014996622305916288}