{"gmcc": 1.0000575309153676, "joints mean absolute error": 0.04825579562790949}