{"gmcc": 0.9999685246777185, "joints mean absolute error": 0.021763042672186355}