{"gmccs": {"mean": 1.000082972425795, "std": 9.036823630581408e-05}, "joints mean absolute error": {"mean": 0.14236767893800245, "std": 3.206435891890394e-14}}