{"execution_time": 36.04883575439453, "generation_time": 0.42330026626586914}