{"gmcc": 1.0001586541027092, "joints mean absolute error": 0.14236767893797442}