{"gmccs": {"mean": 1.0000530135902672, "std": 7.923818983292182e-05}, "joints mean absolute error": {"mean": 0.14082507191024482, "std": 1.702012308768274e-14}}