{"gmcc": 0.9998515503028517, "joints mean absolute error": 0.22129610921537943}