{"gmcc": 0.9995837498357725, "joints mean absolute error": 0.1928024866182061}