{"gmcc": 0.9999088865250667, "joints mean absolute error": 0.014944407545924557}