{"gmcc": 0.9997883827649267, "joints mean absolute error": 0.22129610921537765}