{"preprocessing_time": 28.327438831329346, "prob_encoding_time": 64.03213334083557, "regression_time": 0.003076314926147461, "trajectory_time": 18.913990259170532, "training_time": 111.2766387462616, "task_name": "LUKAS_collab"}