{"gmcc": 1.000149687133237, "joints mean absolute error": 0.1408250719102432}