{"gmcc": 0.999981920066745, "joints mean absolute error": 0.0004782773944349561}