{"gmcc": 0.9999450118071038, "joints mean absolute error": 0.014944407545857649}