{"gmcc": 0.9999132717650896, "joints mean absolute error": 0.19192763321030615}