{"gmcc": 0.9999147619133857, "joints mean absolute error": 0.18922700705665507}