{"execution_time": 30.41925024986267, "generation_time": 0.5535886287689209}