{"gmcc": 1.0000653037478666, "joints mean absolute error": 0.1423669921002085}