{"gmcc": 0.9998352616393726, "joints mean absolute error": 0.19280248661819943}