{"gmcc": 1.0001389063111912, "joints mean absolute error": 0.2845158816925644}