{"gmcc": 1.0000867266319076, "joints mean absolute error": 0.1408250719102598}