{"execution_time": 42.68652129173279, "generation_time": 0.852562427520752}