{"gmcc": 0.9998624763981603, "joints mean absolute error": 0.19455604683973574}