{"gmcc": 0.9999390122113232, "joints mean absolute error": 0.014944407545857944}