{"gmcc": 1.0001239861976943, "joints mean absolute error": 0.2845158816925715}