{"gmcc": 1.0001811647568393, "joints mean absolute error": 0.048232371181505584}