{"execution_time": 24.832218885421753, "generation_time": 0.5448198318481445}