{"gmcc": 0.9999295904439454, "joints mean absolute error": 0.14082507191025742}