{"gmcc": 0.999916551329234, "joints mean absolute error": 0.02176304267218665}