{"gmcc": 1.0000694867336786, "joints mean absolute error": 0.2845158816925763}