{"gmcc": 1.0001754679759605, "joints mean absolute error": 0.04818889229441522}