{"gmcc": 0.9998536287176052, "joints mean absolute error": 0.18922700705665818}