{"gmcc": 1.0000640555734133, "joints mean absolute error": 0.04823407566903448}