{"gmcc": 0.9998558892815497, "joints mean absolute error": 0.19196919823886885}