{"gmcc": 1.0000301236208782, "joints mean absolute error": 0.28451735300610065}