{"gmccs": {"mean": 0.9990411470328966, "std": 0.0006451821727369651}, "joints mean absolute error": {"mean": 0.04102966859841464, "std": 4.796560234120864e-07}}