{"preprocessing_time": 73.00764918327332, "prob_encoding_time": 70.94963932037354, "regression_time": 0.006960153579711914, "trajectory_time": 34.00537371635437, "training_time": 177.96962237358093, "task_name": "Timo1"}