{"gmcc": 1.0001541577326676, "joints mean absolute error": 0.1423676789379756}