{"gmcc": 1.0000274732605625, "joints mean absolute error": 0.2845185482763621}