{"gmcc": 1.0000871358860097, "joints mean absolute error": 0.04825579562791541}