{"gmcc": 1.0001349129250572, "joints mean absolute error": 0.04823237118150677}