{"gmcc": 0.9999904131524875, "joints mean absolute error": 0.2842213640126256}