{"gmcc": 0.9999091239294149, "joints mean absolute error": 0.014996622305925097}