{"gmcc": 1.0001493945730398, "joints mean absolute error": 0.14236767893797322}