{"gmcc": 1.0001133208115267, "joints mean absolute error": 0.14236699210018364}