{"gmcc": 0.9999190307688329, "joints mean absolute error": 0.19196919823889017}