{"gmcc": 0.9999371416233571, "joints mean absolute error": 0.021763042672186355}