{"gmcc": 1.0000159660542214, "joints mean absolute error": 0.14236767893792704}