{"gmcc": 1.0000623683124061, "joints mean absolute error": 0.04825579562795568}