{"gmcc": 1.000090135368169, "joints mean absolute error": 0.28451735300611364}