{"gmcc": 0.9999207219380138, "joints mean absolute error": 0.014944407545924557}