{"gmcc": 0.9998990291275003, "joints mean absolute error": 0.014996622305923912}