{"gmcc": 0.9999194501877539, "joints mean absolute error": 0.014944407545823601}