{"gmccs": {"mean": 0.9949679374870699, "std": 0.0030678899387672843}, "joints mean absolute error": {"mean": 0.0010121198888915378, "std": 8.392813138975869e-07}}