{"preprocessing_time": 40.30925130844116, "prob_encoding_time": 67.77010655403137, "regression_time": 0.024404525756835938, "trajectory_time": 20.72580885887146, "training_time": 128.82957124710083, "task_name": "drill"}