{"gmcc": 1.0000570072359145, "joints mean absolute error": 0.048255795627933175}