{"gmcc": 1.0001095256080563, "joints mean absolute error": 0.14082507191025861}