{"gmcc": 1.0001327033388603, "joints mean absolute error": 0.2845173530061338}