{"gmccs": {"mean": 0.9999951074602899, "std": 9.497963295297435e-05}, "joints mean absolute error": {"mean": 0.13746609229107093, "std": 0.10718164173699375}}