{"gmcc": 1.0000139670070378, "joints mean absolute error": 0.1423676789379158}