{"execution_time": 27.487850666046143, "generation_time": 0.36990904808044434}