{"gmcc": 0.9972653762887573, "joints mean absolute error": 0.001011611675242774}