{"execution_time": 32.081246852874756, "generation_time": 0.4779982566833496}