{"gmcc": 1.0001744199749592, "joints mean absolute error": 0.1423676789379756}