{"gmcc": 1.0001029804763881, "joints mean absolute error": 0.048234075669043364}