{"gmcc": 1.0001084531660573, "joints mean absolute error": 0.04823407566902619}