{"gmcc": 0.9999941467373816, "joints mean absolute error": 0.14236699210019563}