{"gmcc": 0.9999302876465606, "joints mean absolute error": 0.021763042672221733}