{"gmcc": 1.0000614428315935, "joints mean absolute error": 0.04825579562791956}