{"gmcc": 1.0001106416150858, "joints mean absolute error": 0.2845158816925834}