{"execution_time": 35.24114012718201, "generation_time": 0.4557645320892334}