{"execution_time": 26.034208297729492, "generation_time": 0.4234745502471924}