{"pos_error": 0.024340090386021283, "ori_error": 4.369146090137703e-05, "j_error": 0.8344785381647031}