{"gmccs": {"mean": 0.9999846874175342, "std": 0.00010621573710020845}, "joints mean absolute error": {"mean": 0.13692313987197816, "std": 0.10940711645221089}}