{"gmcc": 0.9999708162312814, "joints mean absolute error": 0.19192763321030734}