{"gmcc": 1.0000345499273358, "joints mean absolute error": 0.04825579562792548}