{"gmcc": 0.9998676329477945, "joints mean absolute error": 0.18922700705665388}