{"execution_time": 32.616045236587524, "generation_time": 0.9388139247894287}