{"pos_error": 0.5921503187536157, "ori_error": 0.002058961239469115, "j_error": 0.9418245112045839}