{"gmcc": 0.9996033233364613, "joints mean absolute error": 0.03282101544067798}