{"execution_time": 34.93407225608826, "generation_time": 0.28747129440307617}