{"gmcc": 0.9997177023249161, "joints mean absolute error": 0.00047828252284498607}