{"gmcc": 0.9999849387966016, "joints mean absolute error": 0.2845185482763621}