{"pos_error": 0.017895530168167806, "ori_error": 3.2904711801183224e-05, "j_error": 0.47531492833992744}