{"gmcc": 0.9978643095672135, "joints mean absolute error": 0.0008519283307321703}