{"gmcc": 0.9998695856368842, "joints mean absolute error": 0.19196919823882475}