{"gmcc": 1.0000287320900796, "joints mean absolute error": 0.04825579562791704}