{"gmccs": {"mean": 0.9998846314651736, "std": 6.631390885398978e-05}, "joints mean absolute error": {"mean": 0.19192763321029616, "std": 1.8722574700693874e-14}}