{"gmcc": 1.0000843319603254, "joints mean absolute error": 0.2845158816925763}