{"gmcc": 0.998998511426308, "joints mean absolute error": 0.001011957521043753}