{"gmcc": 0.9999588416567373, "joints mean absolute error": 0.1945560468397646}