{"pos_error": 1.330374323263951, "ori_error": 0.0013966726948801997, "j_error": 0.6461740170288273}