{"gmcc": 1.0000120304465057, "joints mean absolute error": 0.2845158816925763}