{"gmcc": 0.9999925206085264, "joints mean absolute error": 0.1423676334259613}