{"execution_time": 33.38043689727783, "generation_time": 0.5652179718017578}