{"pos_error": 0.5863147618813552, "ori_error": 0.002053252521884159, "j_error": 0.7017230917651055}