{"gmcc": 0.9999612430617351, "joints mean absolute error": 0.19196919823886205}