{"gmcc": 1.000026843795848, "joints mean absolute error": 0.1423669921002079}