{"gmcc": 0.9999906293575058, "joints mean absolute error": 0.22129610921534523}