{"gmcc": 1.0001377809442145, "joints mean absolute error": 0.14236767893801824}