{"gmcc": 1.0000501617104178, "joints mean absolute error": 0.28451588169256326}