{"gmcc": 0.9999643528414253, "joints mean absolute error": 0.021763042672221733}