{"gmcc": 1.0000971913591696, "joints mean absolute error": 0.04825579562791127}