{"gmcc": 0.9999609490943668, "joints mean absolute error": 0.014944407545852615}