{"gmcc": 1.0001175218078864, "joints mean absolute error": 0.048255795627917784}