{"gmcc": 1.000146895677493, "joints mean absolute error": 0.14236763342595063}