{"gmcc": 0.9999887183774487, "joints mean absolute error": 0.014944407545859276}