{"gmcc": 1.000055994366091, "joints mean absolute error": 0.14236763342595715}