{"gmcc": 1.0001106397618251, "joints mean absolute error": 0.14236763342588787}