{"gmcc": 0.9998237934526385, "joints mean absolute error": 0.22129610921537748}