{"gmcc": 0.9999227477546548, "joints mean absolute error": 0.014944407545853355}