{"gmcc": 1.0001608598659417, "joints mean absolute error": 0.14236767893797028}