{"gmcc": 0.9999302125314733, "joints mean absolute error": 0.014996622305923838}