{"gmccs": {"mean": 0.9998258801121823, "std": 8.433165887190791e-05}, "joints mean absolute error": {"mean": 0.19455604683975827, "std": 2.300434280166788e-14}}