{"gmcc": 1.0000092412169819, "joints mean absolute error": 0.2845158816925621}