{"gmcc": 1.0000797533369827, "joints mean absolute error": 0.28451588169256087}