{"gmcc": 0.9999439393671414, "joints mean absolute error": 0.14082507191020474}