{"gmcc": 0.9999339286717257, "joints mean absolute error": 0.021763042672221455}