{"gmcc": 1.000119971116042, "joints mean absolute error": 0.14082507191026009}