{"execution_time": 26.98133611679077, "generation_time": 0.4669363498687744}