{"gmcc": 1.0001197383569247, "joints mean absolute error": 0.2842213640126386}