{"gmcc": 1.000094888262012, "joints mean absolute error": 0.14236699210019874}