{"gmcc": 1.0000578741293364, "joints mean absolute error": 0.14236767893797322}