{"gmcc": 0.9999246022834749, "joints mean absolute error": 0.014944407545856206}