{"gmcc": 1.0000483110407046, "joints mean absolute error": 0.28451588169255854}