{"gmcc": 0.9998113644326563, "joints mean absolute error": 0.22129610921535559}