{"execution_time": 37.002328872680664, "generation_time": 0.8703148365020752}