{"gmcc": 0.9999159831705775, "joints mean absolute error": 0.014944407545870972}