{"execution_time": 23.649425745010376, "generation_time": 0.7187726497650146}