{"gmcc": 0.9998684916213316, "joints mean absolute error": 0.19455604683976327}