{"gmcc": 0.9999207377868695, "joints mean absolute error": 0.1408250719102314}