{"gmcc": 0.9999290845253825, "joints mean absolute error": 0.1892270070566567}