{"gmcc": 1.0001010450670393, "joints mean absolute error": 0.1423676789380218}