{"gmcc": 1.000035383034715, "joints mean absolute error": 0.04818889229443002}