{"gmcc": 1.0000191127029532, "joints mean absolute error": 0.048232371181507805}