{"gmcc": 0.9998359215378807, "joints mean absolute error": 0.19192763321031703}