{"gmccs": {"mean": 0.9998888976387444, "std": 0.00011744694113614338}, "joints mean absolute error": {"mean": 0.014944407545858554, "std": 4.067343265580646e-14}}