{"gmcc": 1.0002787026477917, "joints mean absolute error": 0.14236763342588313}