{"gmcc": 1.0000913233991742, "joints mean absolute error": 0.28451854827634665}