{"execution_time": 27.715344190597534, "generation_time": 0.35958218574523926}