{"gmcc": 0.998785477646061, "joints mean absolute error": 0.0009215805651105769}