{"gmcc": 0.9998379375538057, "joints mean absolute error": 0.19192763321029874}