{"gmcc": 1.0000221489078953, "joints mean absolute error": 0.28451588169257747}