{"gmcc": 1.0000397334359947, "joints mean absolute error": 0.2845185482763739}