{"gmcc": 0.9999634675169758, "joints mean absolute error": 0.021763042672224692}