{"gmcc": 0.9893534513233786, "joints mean absolute error": 0.00562350951434859}