{"gmccs": {"mean": 1.0000606911998098, "std": 4.424487829878148e-05}, "joints mean absolute error": {"mean": 0.048255795627931586, "std": 1.8874447376666495e-14}}