{"execution_time": 33.74684739112854, "generation_time": 0.2857170104980469}