{"gmcc": 1.000002909901616, "joints mean absolute error": 0.014944407545821825}