{"gmcc": 1.0000263502620772, "joints mean absolute error": 0.2845158816925763}