{"gmcc": 0.9999484746396998, "joints mean absolute error": 0.021763042672211075}