{"gmcc": 1.0000860455491902, "joints mean absolute error": 0.28422136401264336}