{"execution_time": 34.32038903236389, "generation_time": 0.5390501022338867}