{"gmcc": 0.9999048636068012, "joints mean absolute error": 0.00047827755889384704}