{"gmcc": 0.9999229747998799, "joints mean absolute error": 0.014944407545826266}