{"gmcc": 0.9999230134060524, "joints mean absolute error": 0.021763042672273986}