{"gmcc": 1.0000156084970824, "joints mean absolute error": 0.19455604683975647}