{"gmcc": 0.9998764060376262, "joints mean absolute error": 0.19192763321028128}