{"gmccs": {"mean": 0.9999401764157668, "std": 2.61058575818082e-05}, "joints mean absolute error": {"mean": 0.014944407545842713, "std": 1.628579503695566e-14}}