{"gmcc": 0.9940379940215949, "joints mean absolute error": 0.005623537960510831}