{"gmcc": 0.9999192399962383, "joints mean absolute error": 0.19196919823886205}