{"gmcc": 0.9998789252943769, "joints mean absolute error": 0.1892270070566561}