{"gmcc": 1.0001917377563252, "joints mean absolute error": 0.048232371181505584}