{"execution_time": 26.55534529685974, "generation_time": 0.44765758514404297}