{"gmcc": 0.9999629275524907, "joints mean absolute error": 0.021763042672186355}