{"gmcc": 1.0000705496286968, "joints mean absolute error": 0.2845185482763715}