{"gmcc": 0.9999721256009391, "joints mean absolute error": 0.014944407545872155}