{"execution_time": 29.127490282058716, "generation_time": 0.4650576114654541}