{"gmcc": 0.998486008983358, "joints mean absolute error": 0.008293509931692237}