{"execution_time": 30.752034902572632, "generation_time": 0.5919797420501709}