{"execution_time": 43.26799988746643, "generation_time": 0.7662479877471924}