{"gmcc": 0.9987079566465584, "joints mean absolute error": 0.041029991744669946}