{"execution_time": 28.13681435585022, "generation_time": 0.5213756561279297}