{"gmcc": 0.9954130022180132, "joints mean absolute error": 0.0009510614653369919}