{"gmcc": 1.0000548083444174, "joints mean absolute error": 0.04818889229441462}