{"gmcc": 0.9999396185752821, "joints mean absolute error": 0.02176304267221448}