{"gmcc": 0.9998617403195931, "joints mean absolute error": 0.19455604683975394}