{"execution_time": 32.08136963844299, "generation_time": 0.38500332832336426}