{"gmcc": 0.9997769585696459, "joints mean absolute error": 0.00047827792042224687}