{"gmcc": 1.0000163554709585, "joints mean absolute error": 0.19196919823882652}