{"gmcc": 1.000096045410578, "joints mean absolute error": 0.048255795627952125}