{"gmcc": 0.9999384519825156, "joints mean absolute error": 0.014944407545857944}