{"gmcc": 1.0000536087309837, "joints mean absolute error": 0.04823237118150914}