{"gmcc": 0.9999802031440345, "joints mean absolute error": 0.1919276332103174}