{"gmcc": 0.9998858855609523, "joints mean absolute error": 0.22129610921540177}