{"gmcc": 0.999934630612798, "joints mean absolute error": 0.01494440754585824}