{"gmcc": 0.9999039196540562, "joints mean absolute error": 0.22129610921539702}