{"gmcc": 0.9997207997570442, "joints mean absolute error": 0.19280248661821364}