{"gmcc": 0.9999562697073703, "joints mean absolute error": 0.014996622305925763}