{"execution_time": 29.689943552017212, "generation_time": 0.4107658863067627}