{"gmcc": 1.0000568754313315, "joints mean absolute error": 0.04823237118151861}