{"execution_time": 40.235800981521606, "generation_time": 0.5080010890960693}