{"gmcc": 0.9996572610476312, "joints mean absolute error": 0.09682733653848825}