{"gmcc": 0.9999262392012447, "joints mean absolute error": 0.014944407545858166}