{"gmcc": 0.9998420235804968, "joints mean absolute error": 0.1928024866181491}