{"gmcc": 0.9999448093009929, "joints mean absolute error": 0.021763042672221376}