{"gmcc": 0.9999609912497829, "joints mean absolute error": 0.014944407545820493}