{"gmcc": 0.999930165682515, "joints mean absolute error": 0.021763042672193162}