{"gmcc": 1.000122550603857, "joints mean absolute error": 0.04825579562795449}