{"gmcc": 0.9998156338701085, "joints mean absolute error": 0.19455604683976446}