{"gmcc": 1.0000731921085282, "joints mean absolute error": 0.04823237118152098}