{"gmcc": 0.9933245952447032, "joints mean absolute error": 6.247685672515028e-08}