{"gmcc": 1.0000255858011622, "joints mean absolute error": 0.2845158816925751}