{"gmcc": 1.0001444923157323, "joints mean absolute error": 0.14236767893802416}