{"gmcc": 1.00004102714992, "joints mean absolute error": 0.0481888922944241}