{"execution_time": 42.847732067108154, "generation_time": 0.5498855113983154}