{"gmcc": 0.9998383929581907, "joints mean absolute error": 0.22129610921537748}