{"gmcc": 0.999861350776885, "joints mean absolute error": 0.19196919823884218}