{"gmcc": 1.0001244236203273, "joints mean absolute error": 0.28451588169254904}