{"gmcc": 1.000055528290608, "joints mean absolute error": 0.28451735300610653}