{"gmcc": 1.0001320367018032, "joints mean absolute error": 0.14236767893797322}