{"gmcc": 1.0001161515900385, "joints mean absolute error": 0.04818889229442055}