{"gmcc": 0.9989939824304028, "joints mean absolute error": 0.011821351361679146}