{"gmcc": 0.9997985349123979, "joints mean absolute error": 0.1919276332102958}