{"gmcc": 0.9999309798031519, "joints mean absolute error": 0.021763042672222326}