{"gmcc": 1.0001426151121693, "joints mean absolute error": 0.04823407566904869}