{"gmcc": 0.9998289357120804, "joints mean absolute error": 0.19455604683973662}