{"gmcc": 1.000051189112535, "joints mean absolute error": 0.28451588169254904}