{"gmcc": 0.9750498266870434, "joints mean absolute error": 0.03282054424722595}