{"gmcc": 1.0000967544421986, "joints mean absolute error": 0.2842213640126256}