{"gmcc": 0.9999121128029973, "joints mean absolute error": 0.22129610921538104}