{"gmcc": 0.999969574631236, "joints mean absolute error": 0.14082507191023316}