{"execution_time": 21.988617420196533, "generation_time": 0.5739810466766357}