{"gmcc": 1.0000141576614325, "joints mean absolute error": 0.04818889229442883}