{"gmcc": 1.0000827349696773, "joints mean absolute error": 0.28451854827638634}