{"gmcc": 0.9999905651993921, "joints mean absolute error": 0.014944407545821528}