{"gmcc": 0.9999245544842934, "joints mean absolute error": 0.19196919823884273}