{"gmcc": 0.999946811952014, "joints mean absolute error": 0.14236699210017326}