{"gmcc": 1.0000895307477402, "joints mean absolute error": 0.28451588169256087}