{"gmcc": 1.0000074766290186, "joints mean absolute error": 0.14236763342596248}