{"gmcc": 1.0000199338507607, "joints mean absolute error": 0.04823237118150706}