{"gmcc": 1.0000038830344105, "joints mean absolute error": 0.28451854827637746}