{"gmcc": 1.0001031589204419, "joints mean absolute error": 0.04825579562795568}