{"gmcc": 0.9999417200872944, "joints mean absolute error": 0.1423676334259499}