{"pos_error": 0.017895530168167806, "ori_error": 1.8694973766867743e-05, "j_error": 0.5666380910094704}