{"gmccs": {"mean": 0.9968823837001959, "std": 0.0023142256569525237}, "joints mean absolute error": {"mean": 0.01949151036645983, "std": 0.018908249355944}}