{"gmcc": 1.0000445276221148, "joints mean absolute error": 0.04823237118150381}