{"gmcc": 0.9999493421864087, "joints mean absolute error": 0.021763042672193162}