{"gmcc": 1.0000995005980944, "joints mean absolute error": 0.1423676789380218}