{"gmcc": 0.9997938070220649, "joints mean absolute error": 0.19455604683972774}