{"gmcc": 1.000089551244129, "joints mean absolute error": 0.048234075669032116}