{"gmcc": 1.0000661574039413, "joints mean absolute error": 0.04823237118152216}