{"gmcc": 0.9999454516436261, "joints mean absolute error": 0.014944407545848767}