{"gmcc": 0.9991972095020376, "joints mean absolute error": 0.008293517919469936}