{"gmcc": 0.9999149828813386, "joints mean absolute error": 0.014944407545821825}