{"gmcc": 1.0000882725095321, "joints mean absolute error": 0.26601297269518237}