{"gmcc": 1.0001717756170727, "joints mean absolute error": 0.1423676334259524}