{"execution_time": 30.607418298721313, "generation_time": 0.441021203994751}