{"gmcc": 0.9998404198305342, "joints mean absolute error": 0.18922700705665818}