{"gmcc": 0.9999451794522569, "joints mean absolute error": 0.1919691982388363}