{"gmcc": 1.000006022694476, "joints mean absolute error": 0.04825579562793614}