{"gmcc": 0.9939271364572934, "joints mean absolute error": 0.011821755294069867}