{"gmcc": 0.9999499435417579, "joints mean absolute error": 0.014944407545858388}