{"gmcc": 1.0000119745631058, "joints mean absolute error": 0.048232371181519795}