{"gmcc": 0.9999199919831865, "joints mean absolute error": 0.19196919823888456}