{"gmcc": 1.000064481344533, "joints mean absolute error": 0.14236767893795962}