{"gmcc": 1.0001208175007825, "joints mean absolute error": 0.1423676334258861}