{"gmcc": 1.0001229907674283, "joints mean absolute error": 0.142367633425879}