{"gmccs": {"mean": 1.0000498755764953, "std": 4.101260881309618e-05}, "joints mean absolute error": {"mean": 0.2660129726951891, "std": 1.0251179040074045e-14}}