{"gmcc": 0.9999673545182743, "joints mean absolute error": 0.048232371181505584}