{"gmcc": 1.0001169806495054, "joints mean absolute error": 0.2842213640126386}