{"gmcc": 0.9998526743261428, "joints mean absolute error": 0.1919691982388474}