{"gmcc": 1.0000853555173468, "joints mean absolute error": 0.14236767893797975}