{"gmcc": 1.0001450103701552, "joints mean absolute error": 0.048232371181505584}