{"gmcc": 1.0001458592371906, "joints mean absolute error": 0.14236763342588254}