{"gmcc": 1.0001447146793576, "joints mean absolute error": 0.14236767893797442}