{"gmcc": 1.0001164160924252, "joints mean absolute error": 0.04825579562791541}