{"gmcc": 0.9998459627562548, "joints mean absolute error": 0.22129610921538045}