{"gmcc": 0.9997109132381999, "joints mean absolute error": 0.19196919823886235}