{"gmcc": 0.9999210995177106, "joints mean absolute error": 0.014944407545823305}