{"gmcc": 1.0000394387221694, "joints mean absolute error": 0.04818889229441522}