{"gmcc": 1.000091599601523, "joints mean absolute error": 0.284517353006103}