{"pos_error": 1.2602473725424188, "ori_error": 0.0009476662733643453, "j_error": 1.0128958568060973}