{"gmcc": 0.9996873328535567, "joints mean absolute error": 0.09682739197599292}