{"gmcc": 1.0000436732551106, "joints mean absolute error": 0.28451588169257747}