{"gmcc": 0.9989688927204534, "joints mean absolute error": 0.04102954796592854}