{"gmcc": 1.0000403023038473, "joints mean absolute error": 0.28451735300612907}