{"gmcc": 0.9999282841184531, "joints mean absolute error": 0.02176304267221448}