{"gmcc": 0.9855849829892659, "joints mean absolute error": 0.0002736081467692812}