{"execution_time": 41.99932265281677, "generation_time": 0.7938470840454102}