{"gmcc": 0.9999209167971446, "joints mean absolute error": 0.02176304267221389}