{"gmcc": 1.0000967818534776, "joints mean absolute error": 0.04823237118152927}