{"gmcc": 1.0001251537233147, "joints mean absolute error": 0.26601297269518237}