{"gmcc": 1.0001245004788104, "joints mean absolute error": 0.04825579562795449}