{"gmcc": 0.9998163665714143, "joints mean absolute error": 0.19192763321030615}