{"gmcc": 1.0000837072646727, "joints mean absolute error": 0.266012972695175}