{"gmccs": {"mean": 1.0000752962426747, "std": 5.086410327850762e-05}, "joints mean absolute error": {"mean": 0.04823407566903689, "std": 7.709038085339688e-15}}