{"gmcc": 1.000060484708765, "joints mean absolute error": 0.14236763342596573}