{"gmcc": 1.0001503338741191, "joints mean absolute error": 0.14082507191026217}