{"gmcc": 1.0001249376740333, "joints mean absolute error": 0.14082507191026097}