{"gmcc": 1.0001535869158558, "joints mean absolute error": 0.14236767893797087}