{"gmcc": 1.0001621035381383, "joints mean absolute error": 0.1423676334259595}