{"gmcc": 0.9999483036986712, "joints mean absolute error": 0.014996622305923912}