{"gmcc": 0.9995683673759763, "joints mean absolute error": 0.19455604683981095}