{"gmcc": 0.9999681527521118, "joints mean absolute error": 0.014944407545821825}