{"gmcc": 0.9999086185698393, "joints mean absolute error": 0.02176304267222336}