{"gmccs": {"mean": 1.0000541323483616, "std": 3.388519100911548e-05}, "joints mean absolute error": {"mean": 0.28451854827636947, "std": 1.2460684991811088e-14}}