{"gmcc": 1.0000561836961819, "joints mean absolute error": 0.14236763342595538}