{"gmcc": 1.0001763534136083, "joints mean absolute error": 0.14236767893797383}