{"gmcc": 1.0001593436657443, "joints mean absolute error": 0.142367678937975}