{"gmcc": 1.0000346911938225, "joints mean absolute error": 0.14236767893797145}