{"gmcc": 0.9999313458642591, "joints mean absolute error": 0.014944407545855834}