{"gmcc": 0.9998830688826434, "joints mean absolute error": 0.22129610921537987}