{"gmccs": {"mean": 0.9971669837222629, "std": 0.003599373822660765}, "joints mean absolute error": {"mean": 0.011821253395752226, "std": 2.2831447595397482e-07}}