{"preprocessing_time": 24.734763383865356, "prob_encoding_time": 83.73014426231384, "regression_time": 0.007253885269165039, "trajectory_time": 25.391303300857544, "training_time": 133.8634648323059, "task_name": "Timo2"}