{"gmcc": 1.0000973366928405, "joints mean absolute error": 0.04825579562795331}