{"gmcc": 1.0001561717526817, "joints mean absolute error": 0.04823237118156598}