{"gmcc": 1.0000255334517865, "joints mean absolute error": 0.2845158816925715}