{"gmcc": 1.0001377890254537, "joints mean absolute error": 0.14236699210018836}