{"gmcc": 1.0001271775911071, "joints mean absolute error": 0.14236767893802119}