{"gmcc": 0.9998774543273273, "joints mean absolute error": 0.19280248661819588}