{"gmcc": 1.0001029207902907, "joints mean absolute error": 0.1423676334258849}