{"gmcc": 0.9999145827597686, "joints mean absolute error": 0.19280248661819588}