{"gmcc": 1.0001519403478047, "joints mean absolute error": 0.26601297269517943}