{"gmcc": 1.0001407251056376, "joints mean absolute error": 0.14236767893801824}