{"gmcc": 0.9999075716037414, "joints mean absolute error": 0.02176304267222336}