{"gmcc": 1.0000820738346883, "joints mean absolute error": 0.04825579562795094}