{"gmcc": 0.9999475374298419, "joints mean absolute error": 0.014996622305923912}