{"gmcc": 1.0000995451922754, "joints mean absolute error": 0.04825579562792015}