{"gmccs": {"mean": 0.9999394080089741, "std": 2.321599442300234e-05}, "joints mean absolute error": {"mean": 0.021763042672216466, "std": 2.1377367518704265e-14}}