{"gmcc": 1.000116446804037, "joints mean absolute error": 0.2845173530061267}