{"gmcc": 1.0000691041219127, "joints mean absolute error": 0.048232371181519795}