{"gmcc": 0.9999509742840742, "joints mean absolute error": 0.021763042672214628}