{"execution_time": 25.719825506210327, "generation_time": 1.6122431755065918}