{"gmcc": 0.9996338736886012, "joints mean absolute error": 0.000913848178068527}