{"gmcc": 0.9999569698403975, "joints mean absolute error": 0.1423676789379389}