{"gmcc": 0.999755163814575, "joints mean absolute error": 0.19455604683978697}