{"gmcc": 1.0000338293611741, "joints mean absolute error": 0.14236763342597195}