{"pos_error": 0.1508628847662786, "ori_error": 0.0007296028591558653, "j_error": 0.3762238391451696}