{"gmcc": 0.9993901414120232, "joints mean absolute error": 0.011821273912822174}