{"gmcc": 0.9999983768598848, "joints mean absolute error": 0.014944407545826266}