{"gmcc": 1.0001668745777361, "joints mean absolute error": 0.1423676334259696}