{"gmccs": {"mean": 0.9999295642181802, "std": 3.4628581129811286e-05}, "joints mean absolute error": {"mean": 0.021763042672213018, "std": 2.6536974266137447e-14}}