{"gmcc": 0.999942629577746, "joints mean absolute error": 0.014944407545820937}