{"gmcc": 0.9998734352060233, "joints mean absolute error": 0.19192763321027298}