{"gmcc": 0.9997977792671684, "joints mean absolute error": 0.18922700705665849}