{"gmcc": 1.0000622789215385, "joints mean absolute error": 0.2660129726952019}