{"gmcc": 0.9979621097640924, "joints mean absolute error": 0.008293501858416263}