{"gmcc": 1.0001073351378889, "joints mean absolute error": 0.2845173530060829}