{"gmcc": 1.00010030205915, "joints mean absolute error": 0.048232371181505584}