{"gmcc": 0.9999329334360948, "joints mean absolute error": 0.021763042672211668}