{"gmcc": 1.0000581440033693, "joints mean absolute error": 0.2660129726951859}