{"execution_time": 47.610360622406006, "generation_time": 0.7407901287078857}