{"gmcc": 0.9993641994628831, "joints mean absolute error": 0.041029218607012106}