{"gmcc": 1.0001046888457266, "joints mean absolute error": 0.284517353006107}