{"gmcc": 0.9999140090186454, "joints mean absolute error": 0.01494440754585702}