{"execution_time": 42.11867070198059, "generation_time": 0.5163049697875977}