{"gmcc": 0.9952797073973032, "joints mean absolute error": 0.0968272995899695}