{"gmccs": {"mean": 1.0000765466663044, "std": 4.4972186284025886e-05}, "joints mean absolute error": {"mean": 0.28451588169257, "std": 9.0245792848189e-15}}