{"gmcc": 1.0001533821135693, "joints mean absolute error": 0.1423676334258849}