{"gmcc": 1.0000097603716291, "joints mean absolute error": 0.2845158816925511}