{"gmcc": 1.000015826776345, "joints mean absolute error": 0.048255795627952125}