{"gmcc": 0.9999284157256719, "joints mean absolute error": 0.014944407545822417}