{"gmcc": 0.9999240653738912, "joints mean absolute error": 0.18922700705665818}