{"gmcc": 0.9976781504266211, "joints mean absolute error": 0.0968279837632009}