{"gmcc": 0.9999340780075465, "joints mean absolute error": 0.014944407545850838}