{"gmcc": 1.0001765939075016, "joints mean absolute error": 0.28422136401262676}