{"execution_time": 56.51669239997864, "generation_time": 0.8303046226501465}