{"gmcc": 0.9984445730014604, "joints mean absolute error": 0.09682743719662978}