{"gmcc": 0.999778360706415, "joints mean absolute error": 0.18922700705665818}