{"gmcc": 0.9998618939020503, "joints mean absolute error": 0.1423676789380435}