{"gmcc": 1.0000483401794775, "joints mean absolute error": 0.04818889229441462}