{"gmccs": {"mean": 0.9858082905567181, "std": 0.01765228945160584}, "joints mean absolute error": {"mean": 0.0007376278503993968, "std": 0.0004040951674158683}}