{"gmcc": 0.9763938968314079, "joints mean absolute error": 6.247781284921909e-08}