{"execution_time": 31.618379831314087, "generation_time": 0.392925500869751}