{"gmcc": 1.000081485220181, "joints mean absolute error": 0.26601297269518415}