{"execution_time": 27.16167974472046, "generation_time": 0.48293542861938477}