{"gmcc": 0.998990408138507, "joints mean absolute error": 0.008293515970132948}