{"gmcc": 0.9999917472771833, "joints mean absolute error": 0.04823237118150559}