{"gmcc": 1.0001266618795377, "joints mean absolute error": 0.14236699210021442}