{"gmcc": 1.0000832312503725, "joints mean absolute error": 0.04823237118151861}