{"gmcc": 1.0000741189672246, "joints mean absolute error": 0.2845173530060852}