{"gmcc": 1.00006505669536, "joints mean absolute error": 0.2845185482763828}