{"gmcc": 0.9999328833213167, "joints mean absolute error": 0.014944407545862163}