{"gmcc": 0.9999280303252774, "joints mean absolute error": 0.014944407545868602}