{"gmcc": 1.0001452934884756, "joints mean absolute error": 0.28451735300613673}