{"gmcc": 0.9996898075230298, "joints mean absolute error": 0.1892270070566573}