{"gmcc": 1.000115782415366, "joints mean absolute error": 0.04825579562795568}