{"gmcc": 0.9999931203114507, "joints mean absolute error": 0.28451854827636147}