{"gmcc": 1.0001666504244406, "joints mean absolute error": 0.1423676789380206}