{"gmcc": 1.0000604644226323, "joints mean absolute error": 0.2660129726951972}