{"gmcc": 1.0000274004705945, "joints mean absolute error": 0.04825579562791008}