{"gmcc": 0.9997927619408202, "joints mean absolute error": 0.014944407545853947}