{"gmcc": 1.0000392457406138, "joints mean absolute error": 0.04825579562795331}