{"preprocessing_time": 50.014323711395264, "prob_encoding_time": 74.95985889434814, "regression_time": 0.006628513336181641, "trajectory_time": 26.120976448059082, "training_time": 151.10178756713867, "task_name": "LUKAS1"}