{"gmcc": 1.0002047025725433, "joints mean absolute error": 0.14236763342588551}