{"gmcc": 1.0000623985454526, "joints mean absolute error": 0.28451854827636974}