{"execution_time": 35.512409925460815, "generation_time": 0.37671470642089844}