{"gmcc": 0.9999388804758147, "joints mean absolute error": 0.0004782778812206419}