{"gmcc": 0.999968016961738, "joints mean absolute error": 0.014944407545856983}