{"gmccs": {"mean": 1.000075278617021, "std": 3.9408838067618076e-05}, "joints mean absolute error": {"mean": 0.04825579562793389, "std": 2.0100662959802376e-14}}