{"gmcc": 0.9999692383329892, "joints mean absolute error": 0.014996622305923765}