{"gmcc": 0.999948957783085, "joints mean absolute error": 0.02176304267222336}