{"gmcc": 0.9999830218042347, "joints mean absolute error": 0.2845158816925479}