{"gmcc": 1.0001256573125978, "joints mean absolute error": 0.14236699210020376}