{"gmcc": 1.0001336015778763, "joints mean absolute error": 0.048232371181519795}