{"gmcc": 1.0000186742648234, "joints mean absolute error": 0.26601297269518653}