{"gmcc": 0.9997980067360415, "joints mean absolute error": 0.014944407545855576}