{"gmcc": 1.0001218973299024, "joints mean absolute error": 0.2845158816925479}