{"gmcc": 1.0000697019037965, "joints mean absolute error": 0.048255795627952125}