{"gmcc": 0.9999802641598097, "joints mean absolute error": 0.014944407545822122}