{"gmcc": 0.9998977182935869, "joints mean absolute error": 0.014944407545821825}