{"execution_time": 27.503475189208984, "generation_time": 0.33968567848205566}