{"pos_error": 0.01041921302209206, "ori_error": 4.989679445691967e-05, "j_error": 0.481655135614134}