{"gmcc": 0.9790679390943418, "joints mean absolute error": 0.00027361695043270906}