{"gmcc": 0.9999412532538883, "joints mean absolute error": 0.18922700705665818}