{"gmcc": 0.9999692145752741, "joints mean absolute error": 0.14236763342595773}