{"gmcc": 1.0000743821215252, "joints mean absolute error": 0.2845158816925668}