{"gmcc": 0.9999311570336464, "joints mean absolute error": 0.19455604683976446}