{"gmcc": 1.0001370113285373, "joints mean absolute error": 0.14236763342588135}