{"pos_error": 0.12290711940324704, "ori_error": 0.00025819183601221546, "j_error": 0.2992797466440704}