{"execution_time": 26.68527626991272, "generation_time": 0.2639458179473877}