{"gmcc": 0.9997998286884966, "joints mean absolute error": 0.19192763321029563}