{"gmcc": 0.9997366339938017, "joints mean absolute error": 0.19196919823884748}