{"gmcc": 0.9998529144585335, "joints mean absolute error": 0.19192763321025583}