{"gmcc": 0.9999877227900742, "joints mean absolute error": 0.14236763342596426}