{"gmcc": 0.9998586733616617, "joints mean absolute error": 0.22129610921538875}