{"gmcc": 0.9999178224067229, "joints mean absolute error": 0.18922700705665507}