{"gmcc": 1.0000824304321354, "joints mean absolute error": 0.1423669921001999}