{"gmcc": 1.0000298728455177, "joints mean absolute error": 0.28451854827637985}