{"gmcc": 1.00005114385177, "joints mean absolute error": 0.2660129726952067}