{"gmcc": 0.9980678082891957, "joints mean absolute error": 0.008293516053933322}