{"gmcc": 0.9999801127413497, "joints mean absolute error": 0.014996622305923838}