{"gmcc": 0.9998081835141405, "joints mean absolute error": 0.19192763321030526}