{"gmcc": 0.9999552559868999, "joints mean absolute error": 0.021763042672221438}