{"gmcc": 1.0000968682782014, "joints mean absolute error": 0.04818889229441462}