{"gmcc": 1.0000815449276481, "joints mean absolute error": 0.04818889229442114}