{"gmcc": 1.0000573436792293, "joints mean absolute error": 0.04818889229441462}