{"execution_time": 32.18009614944458, "generation_time": 0.46921610832214355}