{"pos_error": 0.12290711940324704, "ori_error": 0.00025819183601221546, "j_error": 0.31606264495157876}