{"gmcc": 0.9969624848198667, "joints mean absolute error": 0.005623590588863914}