{"gmcc": 1.000158914492053, "joints mean absolute error": 0.14236763342588551}