{"gmcc": 0.9998991270674078, "joints mean absolute error": 0.014944407545821825}