{"gmcc": 1.0000561116126767, "joints mean absolute error": 0.28451588169256564}