{"gmcc": 0.9998726839628483, "joints mean absolute error": 0.22129610921537868}