{"gmcc": 0.9998017755151339, "joints mean absolute error": 0.19280248661822505}