{"gmcc": 0.9999359347898571, "joints mean absolute error": 0.22129610921538548}