{"gmcc": 1.000190474439346, "joints mean absolute error": 0.14236763342596306}