{"gmcc": 0.9999349461833054, "joints mean absolute error": 0.014944407545860868}