{"gmcc": 0.9998801737671215, "joints mean absolute error": 0.19196919823882888}