{"gmcc": 1.0000257974856566, "joints mean absolute error": 0.2842213640126457}