{"execution_time": 27.9410138130188, "generation_time": 0.44014883041381836}