{"pos_error": 0.050717255446266186, "ori_error": 0.00010041315749325692, "j_error": 0.5401460946247668}