{"gmcc": 0.9924541764638318, "joints mean absolute error": 0.001013592701776848}