{"gmcc": 0.9999987792953262, "joints mean absolute error": 0.048255795627916376}