{"gmcc": 0.9998482919907176, "joints mean absolute error": 0.22129610921537926}