{"execution_time": 26.01697039604187, "generation_time": 0.43413734436035156}