{"gmcc": 0.998372042580786, "joints mean absolute error": 0.008293516651354249}