{"execution_time": 41.097182273864746, "generation_time": 0.8080117702484131}