{"gmcc": 0.999903188398199, "joints mean absolute error": 0.014944407545813165}