{"gmcc": 1.000038959886556, "joints mean absolute error": 0.2845173530060876}