{"gmcc": 1.0001708198888033, "joints mean absolute error": 0.14236763342596515}