{"gmcc": 1.000042450048081, "joints mean absolute error": 0.2842213640126256}