{"execution_time": 42.505332708358765, "generation_time": 1.1746163368225098}