{"gmcc": 0.9999100106073144, "joints mean absolute error": 0.14236699210019665}