{"gmcc": 1.0000537597292947, "joints mean absolute error": 0.26601297269519125}