{"gmcc": 1.00008477945648, "joints mean absolute error": 0.048232371181506174}