{"gmcc": 0.9999399324414764, "joints mean absolute error": 0.19280248661819765}