{"gmcc": 1.0000728847961726, "joints mean absolute error": 0.2842213640126386}