{"gmcc": 0.9999510902526513, "joints mean absolute error": 0.1423669921001968}