{"gmcc": 0.9996878219915484, "joints mean absolute error": 0.0004782778879659129}