{"gmcc": 1.000063494713714, "joints mean absolute error": 0.14236767893791225}