{"gmcc": 1.0001461289296656, "joints mean absolute error": 0.14236767893798094}