{"gmcc": 0.9999595376869779, "joints mean absolute error": 0.014944407545823305}