{"gmcc": 1.0001385833809473, "joints mean absolute error": 0.04818889229442114}