{"gmcc": 0.9999729297381574, "joints mean absolute error": 0.014996622305925097}