{"gmccs": {"mean": 0.9998726701294617, "std": 6.0746907173318417e-05}, "joints mean absolute error": {"mean": 0.1892270070566571, "std": 1.4416942086199746e-15}}