{"gmcc": 0.9999715202396952, "joints mean absolute error": 0.14236699210016587}