{"gmcc": 0.9999005332348749, "joints mean absolute error": 0.014996622305923912}