{"gmcc": 0.9997670534949219, "joints mean absolute error": 0.1928024866181773}