{"gmcc": 1.0000271904249844, "joints mean absolute error": 0.2845158816925668}