{"gmcc": 0.9999984957920794, "joints mean absolute error": 0.014996622305923912}