{"gmcc": 1.0000679155574235, "joints mean absolute error": 0.04825579562791068}