{"gmcc": 1.0001052071962535, "joints mean absolute error": 0.048232371181519795}