{"execution_time": 23.183398246765137, "generation_time": 0.36425304412841797}