{"pos_error": 0.0262276571580612, "ori_error": 3.778547769653564e-05, "j_error": 0.4966115900249385}