{"gmcc": 0.9986956946807357, "joints mean absolute error": 0.0009274929164519002}