{"gmcc": 0.9999382226406064, "joints mean absolute error": 0.014996622305923912}