{"gmcc": 0.9999445149219008, "joints mean absolute error": 0.01499662230592321}