{"gmcc": 0.9998220651807278, "joints mean absolute error": 0.02176304267215549}