{"gmcc": 1.0000791549326042, "joints mean absolute error": 0.1423676334259613}