{"gmcc": 1.0001250688750836, "joints mean absolute error": 0.04825579562795331}