{"execution_time": 30.566080331802368, "generation_time": 0.5563747882843018}