{"gmcc": 0.999943085074695, "joints mean absolute error": 0.19196919823888545}