{"gmcc": 1.0000889594378997, "joints mean absolute error": 0.2845185482763905}