{"gmcc": 0.9999525099414236, "joints mean absolute error": 0.014944407545868454}