{"gmcc": 0.9999362857474263, "joints mean absolute error": 0.1892270070566573}