{"gmcc": 0.9999356292723571, "joints mean absolute error": 0.014944407545858388}