{"gmcc": 1.0000752717377284, "joints mean absolute error": 0.14082507191025626}