{"gmcc": 1.0001498946083394, "joints mean absolute error": 0.14236763342588787}