{"gmcc": 0.9998933681257465, "joints mean absolute error": 0.22129610921537987}