{"gmcc": 1.0000140184904154, "joints mean absolute error": 0.04823237118152098}