{"gmcc": 0.9998756825047665, "joints mean absolute error": 0.1892270070566573}