{"gmcc": 0.9999630187491383, "joints mean absolute error": 0.014996622305923912}