{"gmcc": 1.000240854091319, "joints mean absolute error": 0.14236763342588254}