{"gmcc": 1.00017111169876, "joints mean absolute error": 0.14082507191025329}