{"gmcc": 0.9997981827952971, "joints mean absolute error": 0.19280248661820565}