{"execution_time": 34.299975633621216, "generation_time": 0.46454644203186035}