{"gmcc": 1.0000446863458217, "joints mean absolute error": 0.04823237118152098}