{"execution_time": 41.026374101638794, "generation_time": 0.5673022270202637}