{"gmcc": 0.9988569683857911, "joints mean absolute error": 0.005623605234483883}