{"gmcc": 1.0001166578164327, "joints mean absolute error": 0.1408250719102521}