{"gmcc": 0.9999343998891765, "joints mean absolute error": 0.14082507191023375}