{"gmcc": 0.9997796536543535, "joints mean absolute error": 0.014944407545852615}