{"gmcc": 0.9998931222328291, "joints mean absolute error": 0.14236763342596262}