{"pos_error": 0.07280109889277334, "ori_error": 0.00010131105373311455, "j_error": 0.5211741418785371}