{"gmcc": 0.9986788185240929, "joints mean absolute error": 0.008293513659894872}