{"gmcc": 1.0001449263835753, "joints mean absolute error": 0.14236699210019962}