{"gmcc": 0.9999580749349778, "joints mean absolute error": 0.19192763321030734}