{"gmcc": 0.9999622438199613, "joints mean absolute error": 0.18922700705665788}