{"gmcc": 0.9998402035441489, "joints mean absolute error": 0.19280248661817856}