{"gmcc": 1.0000480758326993, "joints mean absolute error": 0.04825579562795331}