{"gmcc": 0.9998307357518084, "joints mean absolute error": 0.18922700705665818}