{"gmcc": 0.9998852706183144, "joints mean absolute error": 0.19196919823884837}