{"gmcc": 1.000102846087622, "joints mean absolute error": 0.04818889229442114}