{"gmcc": 0.9999041259313608, "joints mean absolute error": 0.014944407545898208}