{"gmcc": 0.9999989184360727, "joints mean absolute error": 0.048232371181524535}