{"gmcc": 0.999775968406527, "joints mean absolute error": 0.19455604683975766}