{"gmcc": 0.9999350068300294, "joints mean absolute error": 0.021763042672273986}