{"gmcc": 0.9998264626256216, "joints mean absolute error": 0.00047827569380665125}