{"gmcc": 1.000076983226181, "joints mean absolute error": 0.2845173530061344}