{"gmcc": 0.9999805503438667, "joints mean absolute error": 0.021763042672223953}