{"gmcc": 1.000128093844638, "joints mean absolute error": 0.048188892294416995}