{"gmcc": 0.9993395932259206, "joints mean absolute error": 0.014944407545867419}