{"gmcc": 0.9997038202971094, "joints mean absolute error": 0.19455604683981642}