{"gmcc": 0.9997743968547973, "joints mean absolute error": 0.01494440754584847}