{"gmcc": 0.9999475727627583, "joints mean absolute error": 0.014944407545821825}