{"execution_time": 27.31884264945984, "generation_time": 0.6157300472259521}