{"gmcc": 0.9999866306487344, "joints mean absolute error": 0.04823237118155325}