{"gmcc": 0.9999458117979982, "joints mean absolute error": 0.021763042672175253}