{"gmcc": 1.000012828531395, "joints mean absolute error": 0.28451588169256326}