{"gmcc": 0.9910757726226828, "joints mean absolute error": 0.005623504488811761}