{"gmcc": 0.999855223436978, "joints mean absolute error": 0.19280248661821645}