{"execution_time": 27.975671768188477, "generation_time": 0.5506529808044434}