{"gmcc": 0.9852579069921159, "joints mean absolute error": 6.247742131056573e-08}