{"gmcc": 0.9998705045012142, "joints mean absolute error": 0.14236699210018658}