{"gmcc": 1.0001101291561865, "joints mean absolute error": 0.26601297269518476}