{"gmccs": {"mean": 1.0000533239698712, "std": 5.0491455511438364e-05}, "joints mean absolute error": {"mean": 0.2845158816925643, "std": 7.287031155700641e-15}}