{"execution_time": 41.90581464767456, "generation_time": 0.740973949432373}