{"gmcc": 0.9999119449736995, "joints mean absolute error": 0.01499662230592517}