{"gmcc": 1.0000891707785136, "joints mean absolute error": 0.04823237118150706}