{"gmcc": 0.9999643390868316, "joints mean absolute error": 0.014944407545855076}