{"gmcc": 1.0001257939627992, "joints mean absolute error": 0.2842213640126386}