{"gmcc": 0.9997721470712057, "joints mean absolute error": 0.19196919823887418}