{"preprocessing_time": 97.57140493392944, "prob_encoding_time": 90.56219220161438, "regression_time": 0.00498199462890625, "trajectory_time": 32.30560278892517, "training_time": 220.4441819190979, "task_name": "LUKAS_difficult"}