{"gmcc": 0.9998201556679172, "joints mean absolute error": 0.19455604683976327}