{"gmcc": 0.9999700819129678, "joints mean absolute error": 0.014944407545826266}