{"gmcc": 0.9999004414512939, "joints mean absolute error": 0.021763042672193162}