{"gmcc": 1.0000159783698372, "joints mean absolute error": 0.1423676789379614}