{"gmcc": 0.9999664485706173, "joints mean absolute error": 0.04818889229442114}