{"execution_time": 42.485800981521606, "generation_time": 0.5811398029327393}