{"pos_error": 0.12103838234215411, "ori_error": 0.0002560274211974312, "j_error": 0.3231464643358876}