{"gmcc": 0.9996651018052642, "joints mean absolute error": 0.005623641723452599}