{"gmcc": 0.9999762550318629, "joints mean absolute error": 0.14236763342594946}