{"gmcc": 1.0000927773952217, "joints mean absolute error": 0.1423676789380147}