{"gmcc": 0.9999020241907219, "joints mean absolute error": 0.22129610921538165}