{"gmcc": 1.0000597053430935, "joints mean absolute error": 0.2845173530061202}