{"gmcc": 1.0002042237573803, "joints mean absolute error": 0.048234075669032116}