{"gmcc": 1.000021946712812, "joints mean absolute error": 0.2845158816925692}