{"execution_time": 43.06233334541321, "generation_time": 0.770357608795166}