{"gmcc": 0.9977307704598459, "joints mean absolute error": 0.005623679454097604}