{"gmcc": 0.9999333728399906, "joints mean absolute error": 0.18922700705665405}