{"gmccs": {"mean": 0.9998418828886498, "std": 9.574210150679542e-05}, "joints mean absolute error": {"mean": 0.19280248661818733, "std": 2.4278997669697753e-14}}