{"gmcc": 1.0000425322254032, "joints mean absolute error": 0.048255795627918374}