{"gmccs": {"mean": 1.0000680246088323, "std": 5.858649362942611e-05}, "joints mean absolute error": {"mean": 0.04823237118151924, "std": 2.0687180482593807e-14}}