{"gmcc": 0.9999137984547188, "joints mean absolute error": 0.02176304267226718}