{"gmcc": 1.0000757995878446, "joints mean absolute error": 0.14236763342598868}