{"gmccs": {"mean": 1.0000260383818305, "std": 0.0001125704356717506}, "joints mean absolute error": {"mean": 0.1358093404940282, "std": 0.10861368113321453}}