{"gmcc": 1.0001760002505937, "joints mean absolute error": 0.284221364012641}