{"gmcc": 1.0000100818632658, "joints mean absolute error": 0.1423669921002156}