{"gmcc": 0.9999159037529146, "joints mean absolute error": 0.0149444075458068}