{"gmcc": 0.9999497626374336, "joints mean absolute error": 0.014944407545921301}