{"execution_time": 27.003746032714844, "generation_time": 0.44241786003112793}