{"gmcc": 0.999911054686865, "joints mean absolute error": 0.14082507191023433}