{"gmcc": 0.9998279101428056, "joints mean absolute error": 0.19196919823883718}