{"gmcc": 1.0000539947789466, "joints mean absolute error": 0.2845185482763745}