{"gmcc": 1.0001139066367108, "joints mean absolute error": 0.2842213640126386}