{"gmcc": 1.0000449955742097, "joints mean absolute error": 0.14236763342598927}