{"execution_time": 31.89778971672058, "generation_time": 0.31619739532470703}