{"gmcc": 0.9999569698486448, "joints mean absolute error": 0.02176304267222136}