{"gmcc": 1.000016457698073, "joints mean absolute error": 0.26601297269518653}