{"gmcc": 1.0000530708511104, "joints mean absolute error": 0.2845158816925621}