{"gmcc": 1.0001066258834732, "joints mean absolute error": 0.14236767893797442}