{"gmcc": 1.0000672008174987, "joints mean absolute error": 0.2845185482763828}