{"execution_time": 31.274062156677246, "generation_time": 0.29235243797302246}