{"gmcc": 0.9990712832148538, "joints mean absolute error": 0.00047827719038477195}