{"gmcc": 0.9999860975292547, "joints mean absolute error": 0.021763042672221993}