{"gmcc": 1.000029816046927, "joints mean absolute error": 0.14236763342594946}