{"gmcc": 0.9999945188941429, "joints mean absolute error": 0.266012972695183}