{"gmcc": 1.0001230961820962, "joints mean absolute error": 0.04823407566904869}