{"gmcc": 0.9997851930193586, "joints mean absolute error": 0.09682745377935409}