{"gmcc": 1.0001159147593621, "joints mean absolute error": 0.04818889229442114}