{"gmcc": 0.9998441463391622, "joints mean absolute error": 0.014944407545932403}