{"gmcc": 1.000053910298969, "joints mean absolute error": 0.2842213640126386}