{"gmcc": 0.9999401118346365, "joints mean absolute error": 0.014944407545928703}