{"execution_time": 41.95611333847046, "generation_time": 1.0521111488342285}