{"gmcc": 0.9994796527180997, "joints mean absolute error": 0.04102973469928787}