{"gmcc": 0.9999894401273122, "joints mean absolute error": 0.1423676334259584}