{"gmcc": 0.9999413314766913, "joints mean absolute error": 0.021763042672221733}