{"gmcc": 0.9999333943937476, "joints mean absolute error": 0.014944407545853355}