{"execution_time": 31.15670347213745, "generation_time": 0.613520622253418}