{"pos_error": 0.00318747549014435, "ori_error": 1.9977272552510758e-05, "j_error": 0.44808100650548255}