{"gmcc": 0.9993035695217395, "joints mean absolute error": 0.0004782771824471954}