{"gmcc": 0.9999523858926488, "joints mean absolute error": 0.014996622305923838}