{"gmcc": 0.9998977698612044, "joints mean absolute error": 0.014944407545822122}