{"gmcc": 1.0000712388648516, "joints mean absolute error": 0.140825071910213}