{"gmcc": 1.0000187931928655, "joints mean absolute error": 0.04818889229441522}