{"gmcc": 1.0001112786819912, "joints mean absolute error": 0.28451588169256326}