{"execution_time": 54.91017818450928, "generation_time": 0.5232551097869873}