{"pos_error": 1.4903579972610534, "ori_error": 0.001045102782745447, "j_error": 0.6830826473524104}