{"gmcc": 0.9911962806478568, "joints mean absolute error": 0.09682854735186212}