{"gmccs": {"mean": 1.0001496822013065, "std": 5.461360382006693e-05}, "joints mean absolute error": {"mean": 0.14236763342588457, "std": 2.246856374752735e-15}}