{"gmcc": 1.0001056119578853, "joints mean absolute error": 0.2845173530061326}