{"gmcc": 1.000206481151972, "joints mean absolute error": 0.1423676789379679}