{"gmcc": 1.000049037187908, "joints mean absolute error": 0.28451588169256326}