{"execution_time": 32.972795486450195, "generation_time": 0.4430701732635498}