{"execution_time": 27.456125736236572, "generation_time": 0.32816171646118164}