{"gmcc": 1.000218547172282, "joints mean absolute error": 0.14236767893801172}