{"gmccs": {"mean": 1.0000574726756228, "std": 9.597286492519251e-05}, "joints mean absolute error": {"mean": 0.1423669921001953, "std": 1.5136415979953092e-14}}