{"gmcc": 1.0000475235071589, "joints mean absolute error": 0.28451854827637285}