{"gmcc": 0.9999475504494353, "joints mean absolute error": 0.02176304267222336}