{"gmcc": 1.0001314221996693, "joints mean absolute error": 0.04818889229442883}