{"gmcc": 0.9999787081552235, "joints mean absolute error": 0.22129610921538992}