{"execution_time": 32.97055220603943, "generation_time": 0.4331028461456299}