{"gmcc": 0.9996795175183096, "joints mean absolute error": 0.032821064262398135}