{"gmcc": 1.0000621696457093, "joints mean absolute error": 0.2845185482763715}