{"gmcc": 0.9999244389869463, "joints mean absolute error": 0.014944407545820937}