{"gmcc": 1.000045548713062, "joints mean absolute error": 0.22129610921537748}