{"gmcc": 0.9999762010520203, "joints mean absolute error": 0.014944407545858832}