{"gmcc": 1.0001556602061927, "joints mean absolute error": 0.2845158816925715}