{"gmcc": 1.000077670959421, "joints mean absolute error": 0.04823237118150677}