{"execution_time": 27.290068864822388, "generation_time": 0.323868989944458}