{"gmcc": 0.9955352904083876, "joints mean absolute error": 0.0010119357407335123}