{"gmcc": 1.0000375781702235, "joints mean absolute error": 0.28451588169256326}