{"gmcc": 0.999760415551493, "joints mean absolute error": 0.19455604683976624}