{"gmcc": 0.9998903089384268, "joints mean absolute error": 0.19192763321029904}