{"gmcc": 1.0000424578026457, "joints mean absolute error": 0.28451854827639106}