{"gmcc": 1.0000262265799562, "joints mean absolute error": 0.28451854827636325}