{"gmcc": 0.9998836419553405, "joints mean absolute error": 0.014944407545805569}