{"gmcc": 0.9999136347116925, "joints mean absolute error": 0.021763042672273986}