{"gmcc": 1.000054599544469, "joints mean absolute error": 0.2845173530061018}