{"execution_time": 25.75325345993042, "generation_time": 0.5478334426879883}