{"pos_error": 0.027033497738902436, "ori_error": 4.411000680359762e-05, "j_error": 0.262684860940502}