{"gmcc": 0.9967978881209221, "joints mean absolute error": 0.0009441993112306868}