{"gmcc": 1.0000736906148902, "joints mean absolute error": 0.04825579562793614}