{"gmcc": 1.0002449327964822, "joints mean absolute error": 0.1423669921002002}