{"gmcc": 0.9998938193101046, "joints mean absolute error": 0.0217630426722281}