{"execution_time": 41.20203495025635, "generation_time": 0.7085075378417969}