{"execution_time": 39.77133059501648, "generation_time": 0.5305190086364746}