{"gmcc": 0.9971640538408838, "joints mean absolute error": 0.09682806151822021}