{"gmcc": 1.000071742935408, "joints mean absolute error": 0.04823407566903093}