{"gmcc": 1.0000867020171345, "joints mean absolute error": 0.048232371181507507}