{"gmcc": 0.9999791309491977, "joints mean absolute error": 0.021763042672221882}