{"gmcc": 0.9999513789951742, "joints mean absolute error": 0.014996622305923912}