{"execution_time": 32.19541311264038, "generation_time": 0.424685001373291}