{"gmcc": 0.9996226925659808, "joints mean absolute error": 0.03282104521337592}