{"gmcc": 1.0000338554143016, "joints mean absolute error": 0.1423676334259835}