{"gmcc": 0.9999849376171166, "joints mean absolute error": 0.01499662230592258}