{"gmcc": 0.9997307265477737, "joints mean absolute error": 0.19196919823886796}