{"gmcc": 1.0000957435327187, "joints mean absolute error": 0.2845173530061255}