{"gmcc": 0.9999162404727002, "joints mean absolute error": 0.19280248661814495}