{"execution_time": 39.175671100616455, "generation_time": 0.8030476570129395}