{"gmccs": {"mean": 0.9969980255497474, "std": 0.002325460463738487}, "joints mean absolute error": {"mean": 0.0009271592706013095, "std": 3.507706321174377e-05}}