{"preprocessing_time": 52.19150257110596, "prob_encoding_time": 102.59412741661072, "regression_time": 0.009989738464355469, "trajectory_time": 34.793339252471924, "training_time": 189.58895897865295, "task_name": "drill2"}