{"execution_time": 32.35061430931091, "generation_time": 0.48334789276123047}