{"gmcc": 0.9990226844824608, "joints mean absolute error": 0.01182122109826809}