{"gmcc": 1.0000043326920862, "joints mean absolute error": 0.04823237118158848}