{"gmcc": 0.9997940466677135, "joints mean absolute error": 0.1928024866181707}