{"execution_time": 27.626545429229736, "generation_time": 0.327714204788208}