{"gmcc": 0.9991780022406432, "joints mean absolute error": 0.0010120880938652894}