{"gmcc": 1.0000352390526177, "joints mean absolute error": 0.04823237118151743}