{"gmcc": 0.9998286046696916, "joints mean absolute error": 0.19455604683976327}