{"gmcc": 1.0000933713203437, "joints mean absolute error": 0.14236767893796967}