{"execution_time": 28.20370650291443, "generation_time": 0.7287988662719727}