{"gmcc": 0.99928495597097, "joints mean absolute error": 0.0968275644236855}