{"gmcc": 0.9999372039211653, "joints mean absolute error": 0.22129610921538104}