{"gmcc": 1.0000440222296092, "joints mean absolute error": 0.048232371181505584}