{"gmcc": 1.0001357304482792, "joints mean absolute error": 0.04823237118152335}