{"gmcc": 0.9999315216757343, "joints mean absolute error": 0.014944407545812574}