{"gmcc": 1.000211332345346, "joints mean absolute error": 0.14236767893801824}