{"gmcc": 1.0001350492836556, "joints mean absolute error": 0.1423669921002073}