{"gmcc": 1.0001398296835364, "joints mean absolute error": 0.14236763342588254}