{"gmcc": 1.0000820920979558, "joints mean absolute error": 0.2845173530061249}