{"execution_time": 33.17131543159485, "generation_time": 0.6241984367370605}