{"gmcc": 0.9589632211165189, "joints mean absolute error": 6.247815405776198e-08}