{"gmcc": 1.000051472777968, "joints mean absolute error": 0.2845173530060947}