{"gmcc": 1.0000273058079783, "joints mean absolute error": 0.04825579562795094}