{"gmcc": 1.0000565773781458, "joints mean absolute error": 0.2842213640126457}