{"gmcc": 1.0000508590953188, "joints mean absolute error": 0.28451588169256326}