{"gmcc": 0.9998749019961446, "joints mean absolute error": 0.19192763321030734}