{"gmcc": 1.0000999591981494, "joints mean absolute error": 0.284515881692568}