{"gmcc": 1.0000325516718647, "joints mean absolute error": 0.2660129726952067}