{"gmcc": 1.0000475590418678, "joints mean absolute error": 0.28451588169256326}