{"gmcc": 0.9999681985293827, "joints mean absolute error": 0.1408250719102445}