{"gmcc": 1.0000726538126232, "joints mean absolute error": 0.14236763342588313}