{"gmcc": 1.0000621220208503, "joints mean absolute error": 0.048255795627917784}