{"gmcc": 0.9997771956120602, "joints mean absolute error": 0.22129610921538992}