{"gmcc": 1.0000803006228864, "joints mean absolute error": 0.048234075669043364}