{"gmcc": 1.0000170584965478, "joints mean absolute error": 0.284517353006116}