{"gmcc": 1.0000805530757129, "joints mean absolute error": 0.14236763342588787}