{"gmcc": 1.0000146768829203, "joints mean absolute error": 0.2660129726951877}