{"gmcc": 1.000014341582589, "joints mean absolute error": 0.28451588169256326}