{"gmcc": 1.0000561332698714, "joints mean absolute error": 0.28422136401264336}