{"gmccs": {"mean": 1.0000720948787711, "std": 3.712646030341064e-05}, "joints mean absolute error": {"mean": 0.2845173530061105, "std": 1.6276682458624333e-14}}