{"gmcc": 1.0002217835292613, "joints mean absolute error": 0.14236699210020554}