{"execution_time": 32.19392132759094, "generation_time": 0.45557451248168945}