{"gmcc": 0.9982768925394098, "joints mean absolute error": 0.01182116909004653}