{"gmcc": 1.0000570690548554, "joints mean absolute error": 0.04823237118152216}