{"gmccs": {"mean": 1.0000631926752273, "std": 4.6070947497307316e-05}, "joints mean absolute error": {"mean": 0.0482323711815202, "std": 2.5792076218441257e-14}}