{"gmcc": 1.0002435855957796, "joints mean absolute error": 0.14236767893797916}