{"gmcc": 1.0000443717127756, "joints mean absolute error": 0.04818889229441462}