{"gmcc": 1.000056991766697, "joints mean absolute error": 0.04823407566903448}