{"gmcc": 1.0000644613374203, "joints mean absolute error": 0.28422136401264336}