{"gmcc": 1.0000329261835312, "joints mean absolute error": 0.04823237118152216}