{"gmcc": 1.0001117344434516, "joints mean absolute error": 0.04823407566905047}