{"gmcc": 1.000201667902624, "joints mean absolute error": 0.14236767893800875}