{"gmcc": 0.9998378984819766, "joints mean absolute error": 0.18922700705665788}