{"gmcc": 1.00003729145164, "joints mean absolute error": 0.284221364012641}