{"gmcc": 1.0000839953145721, "joints mean absolute error": 0.04823237118152098}