{"gmcc": 0.9894485161630158, "joints mean absolute error": 0.001010524434531812}