{"gmcc": 0.9998026639674561, "joints mean absolute error": 0.19196919823888395}