{"gmcc": 1.0001326654995097, "joints mean absolute error": 0.14082507191025626}