{"execution_time": 25.93823480606079, "generation_time": 0.4778172969818115}