{"gmcc": 1.000051190899745, "joints mean absolute error": 0.2842213640126386}