{"gmcc": 1.0000585315110784, "joints mean absolute error": 0.04823407566903034}