{"gmcc": 0.9999333165857895, "joints mean absolute error": 0.014996622305926799}