{"gmcc": 1.000058541756594, "joints mean absolute error": 0.28451588169256564}