{"gmcc": 1.0000293026590268, "joints mean absolute error": 0.14236767893796198}