{"gmcc": 0.9999457965980192, "joints mean absolute error": 0.22129610921537632}