{"gmcc": 0.9999212761894979, "joints mean absolute error": 0.014996622305923765}