{"gmcc": 1.0001737820031127, "joints mean absolute error": 0.14236763342588668}