{"gmcc": 1.0000736048730625, "joints mean absolute error": 0.048232371181552956}