{"gmcc": 1.000041869034517, "joints mean absolute error": 0.1408250719102314}