{"gmcc": 0.9999313686707678, "joints mean absolute error": 0.021763042672223953}