{"gmcc": 1.0001692782572795, "joints mean absolute error": 0.14236767893800936}