{"gmcc": 1.0002422160333961, "joints mean absolute error": 0.1423676789379762}