{"gmcc": 1.0000265060609002, "joints mean absolute error": 0.14236699210018613}