{"gmcc": 1.000037607473259, "joints mean absolute error": 0.2660129726951818}