{"gmcc": 0.999931392533468, "joints mean absolute error": 0.1945560468397415}