{"gmcc": 1.0000068795666694, "joints mean absolute error": 0.28451735300610065}