{"gmcc": 0.9999632947026653, "joints mean absolute error": 0.19192763321027417}