{"execution_time": 43.05954098701477, "generation_time": 0.8337967395782471}