{"gmcc": 0.9940638344809607, "joints mean absolute error": 0.005623705462909449}