{"gmcc": 1.0000414106827973, "joints mean absolute error": 0.04823237118150677}