{"gmcc": 0.9999601844427265, "joints mean absolute error": 0.1919276332103157}