{"gmccs": {"mean": 1.0000741205991566, "std": 5.2800648387650126e-05}, "joints mean absolute error": {"mean": 0.04818889229441932, "std": 5.166389437243235e-15}}