{"gmcc": 1.0000917524579438, "joints mean absolute error": 0.28451854827636325}