{"gmcc": 0.9999598696773773, "joints mean absolute error": 0.19192763321031592}