{"gmcc": 0.9989777182504768, "joints mean absolute error": 0.09682789524624831}