{"gmcc": 0.9999558335368718, "joints mean absolute error": 0.014996622305923912}