{"gmccs": {"mean": 0.9984983212368275, "std": 0.0004488179764622641}, "joints mean absolute error": {"mean": 0.008293513162732354, "std": 4.857129240608702e-09}}