{"preprocessing_time": 38.11709666252136, "prob_encoding_time": 63.390031814575195, "regression_time": 0.009912490844726562, "trajectory_time": 22.38827610015869, "training_time": 123.90531706809998, "task_name": "TIMO_difficult2"}