{"gmccs": {"mean": 1.0000064332186918, "std": 8.918130892236955e-05}, "joints mean absolute error": {"mean": 0.13406542462872761, "std": 0.10099781615419211}}