{"gmcc": 0.9974923874448407, "joints mean absolute error": 0.01182112914453911}