{"gmcc": 0.9998464900715918, "joints mean absolute error": 0.18922700705665818}