{"gmcc": 0.9998643173927103, "joints mean absolute error": 0.014944407545928703}