{"gmcc": 1.0000373896726331, "joints mean absolute error": 0.04825579562795331}