{"gmccs": {"mean": 0.9944390203454283, "std": 0.0036667244055645087}, "joints mean absolute error": {"mean": 0.005623609105212626, "std": 9.821728729722699e-08}}