{"gmcc": 1.000064282127212, "joints mean absolute error": 0.04818889229441462}