{"gmcc": 1.0000545234963978, "joints mean absolute error": 0.28451735300610775}