{"gmcc": 1.0001808676812267, "joints mean absolute error": 0.048255795627912455}