{"gmcc": 0.9999966323702176, "joints mean absolute error": 0.14236767893797028}