{"gmcc": 1.000123867329701, "joints mean absolute error": 0.14236767893802474}