{"gmcc": 1.0001031637204272, "joints mean absolute error": 0.04823407566904869}