{"gmcc": 1.0000783936117976, "joints mean absolute error": 0.14236763342588374}