{"gmccs": {"mean": 0.9923466122212141, "std": 0.010124271932683615}, "joints mean absolute error": {"mean": 0.035040418357513765, "std": 0.05366977319148784}}