{"gmcc": 1.0000672781839568, "joints mean absolute error": 0.28451854827636325}