{"gmcc": 1.0000700213189029, "joints mean absolute error": 0.04825579562791068}