{"gmcc": 0.9995317485370945, "joints mean absolute error": 6.247746231480278e-08}