{"execution_time": 27.208879709243774, "generation_time": 0.46963953971862793}