{"gmcc": 0.9999529281933478, "joints mean absolute error": 0.021763042672186355}