{"gmcc": 0.9999334844832881, "joints mean absolute error": 0.021763042672222177}