{"gmcc": 1.000070038905076, "joints mean absolute error": 0.1423669921002091}