{"execution_time": 28.607771158218384, "generation_time": 0.3852074146270752}