{"gmcc": 0.9924541764638318, "joints mean absolute error": 0.001012225941461257}