{"gmcc": 1.0000705874736378, "joints mean absolute error": 0.04825579562795449}