{"gmcc": 1.0000659619055223, "joints mean absolute error": 0.28451588169256326}