{"gmcc": 1.0002159093105836, "joints mean absolute error": 0.1423676334258861}