{"gmcc": 1.0000654554711348, "joints mean absolute error": 0.04823237118150914}