{"gmcc": 1.0000732496634628, "joints mean absolute error": 0.2845158816925763}