{"execution_time": 33.928736209869385, "generation_time": 0.41759228706359863}