{"gmcc": 0.9979802465512406, "joints mean absolute error": 0.011821133954613018}