{"gmcc": 1.0000355836237178, "joints mean absolute error": 0.048232371181519795}