{"gmcc": 1.0000374148921432, "joints mean absolute error": 0.048232371181506174}