{"execution_time": 43.18200469017029, "generation_time": 1.2041659355163574}