{"gmcc": 1.0001557050826229, "joints mean absolute error": 0.14236763342596603}