{"gmcc": 0.9999939897163783, "joints mean absolute error": 0.04825579562791008}