{"gmcc": 1.000059657826534, "joints mean absolute error": 0.04823407566903507}