{"gmcc": 1.0001640130488179, "joints mean absolute error": 0.048234075669032116}