{"gmcc": 1.0001705707856994, "joints mean absolute error": 0.14236767893794897}