{"gmcc": 1.000022268864041, "joints mean absolute error": 0.2842213640126386}