{"gmccs": {"mean": 0.9999482213821781, "std": 2.5993280143335047e-05}, "joints mean absolute error": {"mean": 0.01499662230592404, "std": 1.7379622608809615e-15}}