{"gmcc": 0.999994722007574, "joints mean absolute error": 0.014996622305923838}