{"gmcc": 0.9999109967221895, "joints mean absolute error": 0.014944407545855446}