{"pos_error": 0.19542968044797282, "ori_error": 0.0019711204047837467, "j_error": 0.5046845220888687}