{"gmcc": 0.9993127953942182, "joints mean absolute error": 0.04102969264184166}