{"gmcc": 0.9946743628400467, "joints mean absolute error": 6.247718653540346e-08}