{"gmcc": 1.000143655901577, "joints mean absolute error": 0.14236767893797322}