{"execution_time": 41.95645809173584, "generation_time": 0.8466453552246094}