{"pos_error": 0.17846837254819703, "ori_error": 0.0019740077786496446, "j_error": 0.34456465612194426}