{"gmcc": 0.9998692613568052, "joints mean absolute error": 0.18922700705665849}