{"gmcc": 0.9999507882803438, "joints mean absolute error": 0.22129610921538104}