{"gmcc": 1.0002195423053886, "joints mean absolute error": 0.1423676334258861}