{"gmcc": 0.9928489915258474, "joints mean absolute error": 0.00101311836301754}