{"gmccs": {"mean": 1.0000599466138949, "std": 7.739524835609433e-05}, "joints mean absolute error": {"mean": 0.1423676334259612, "std": 1.1966574032204131e-14}}