{"gmcc": 1.0000697338827347, "joints mean absolute error": 0.26601297269518415}