{"gmcc": 1.0001207791023028, "joints mean absolute error": 0.14236763342597047}