{"gmcc": 0.9999478115557796, "joints mean absolute error": 0.014996622305923912}