{"gmcc": 1.000083748667425, "joints mean absolute error": 0.2660129726951759}