{"gmcc": 0.9999368223999776, "joints mean absolute error": 0.014996622305925763}