{"gmcc": 0.999767653131749, "joints mean absolute error": 0.191927633210265}