{"gmcc": 1.000095591300561, "joints mean absolute error": 0.04825579562791068}