{"gmcc": 0.999927982940723, "joints mean absolute error": 0.014944407545820937}