{"gmcc": 1.0000519884329082, "joints mean absolute error": 0.28451588169256564}