{"gmcc": 1.0001154448594822, "joints mean absolute error": 0.28451854827638573}