{"gmcc": 1.0000765912379062, "joints mean absolute error": 0.048232371181519795}