{"gmcc": 1.000086065418235, "joints mean absolute error": 0.14236767893802357}