{"gmcc": 1.0001015785876362, "joints mean absolute error": 0.048232371181506174}