{"gmccs": {"mean": 0.9999825768196966, "std": 0.00010837224573459692}, "joints mean absolute error": {"mean": 0.13657308940957916, "std": 0.10917966774892429}}