{"execution_time": 31.414855241775513, "generation_time": 0.46886181831359863}