{"gmcc": 1.000129554924448, "joints mean absolute error": 0.04825579562791068}