{"gmcc": 0.9999184463308838, "joints mean absolute error": 0.01494440754582893}