{"gmcc": 0.9999085623385233, "joints mean absolute error": 0.19280248661816968}