{"execution_time": 29.50694513320923, "generation_time": 0.4552590847015381}