{"gmcc": 0.998323637561343, "joints mean absolute error": 0.008293509306513661}