{"gmcc": 1.0000355239419667, "joints mean absolute error": 0.1423669921001706}