{"gmccs": {"mean": 1.0000843219535311, "std": 5.005982560222201e-05}, "joints mean absolute error": {"mean": 0.2842213640126385, "std": 6.266589336455776e-15}}