{"gmcc": 1.0001247309863364, "joints mean absolute error": 0.048255795627952125}