{"gmcc": 1.0000390091759215, "joints mean absolute error": 0.04823407566903152}