{"gmcc": 1.000035145324201, "joints mean absolute error": 0.0482557956279166}