{"gmcc": 0.9998693950181845, "joints mean absolute error": 0.014944407545821528}