{"gmcc": 1.0000829733503167, "joints mean absolute error": 0.2845173530061202}