{"gmcc": 0.999602353191867, "joints mean absolute error": 0.0328210420142648}