{"gmcc": 1.0001083216697468, "joints mean absolute error": 0.1423676334259326}