{"gmcc": 1.0000403052314337, "joints mean absolute error": 0.0482340756690404}