{"gmcc": 0.9999148086541192, "joints mean absolute error": 0.02176304267219346}