{"gmcc": 0.9998442360724107, "joints mean absolute error": 0.19455604683975514}