{"gmcc": 1.0000246569246898, "joints mean absolute error": 0.2845158816925763}