{"pos_error": 0.04670160596810882, "ori_error": 9.384212627726653e-05, "j_error": 0.6419463954950443}