{"gmcc": 1.0001242806359105, "joints mean absolute error": 0.14236763342588668}