{"gmcc": 0.9999456664548464, "joints mean absolute error": 0.22129610921539614}