{"gmcc": 1.000010783614905, "joints mean absolute error": 0.04823237118150011}