{"execution_time": 32.87768054008484, "generation_time": 0.30637407302856445}