{"gmcc": 0.9979396983297981, "joints mean absolute error": 0.008293514873425186}