{"gmcc": 0.9999174909531672, "joints mean absolute error": 0.19280248661819943}