{"gmcc": 0.9999451553770566, "joints mean absolute error": 0.021763042672221178}