{"gmccs": {"mean": 1.0001260052726626, "std": 5.807191188237472e-05}, "joints mean absolute error": {"mean": 0.14236767893796817, "std": 1.583988534463347e-14}}