{"gmcc": 1.0000923830526882, "joints mean absolute error": 0.04823237118152098}