{"gmcc": 1.0000337799749475, "joints mean absolute error": 0.26601297269520785}