{"execution_time": 30.678279876708984, "generation_time": 0.32152295112609863}