{"gmcc": 0.9970928362292683, "joints mean absolute error": 0.0010118072536657123}