{"gmcc": 0.9998637483901837, "joints mean absolute error": 0.1892270070566567}