{"gmcc": 0.9999949392732996, "joints mean absolute error": 0.28451854827637985}