{"gmcc": 0.9998590552951986, "joints mean absolute error": 0.2212961092153473}