{"gmcc": 0.9999003377256706, "joints mean absolute error": 0.014944407545814128}