{"gmcc": 1.0000088710682995, "joints mean absolute error": 0.26601297269519125}