{"gmcc": 1.0000675428304504, "joints mean absolute error": 0.04823407566903448}