{"gmcc": 1.0001088325181324, "joints mean absolute error": 0.04825579562795568}