{"gmcc": 1.0000196024539278, "joints mean absolute error": 0.26601297269520074}