{"gmcc": 0.9999080808021701, "joints mean absolute error": 0.014944407545927518}