{"gmcc": 0.9479975510290959, "joints mean absolute error": 6.247704531503473e-08}