{"gmcc": 1.0000733334485121, "joints mean absolute error": 0.04825579562791068}