{"gmcc": 1.0000753131540217, "joints mean absolute error": 0.14082507191023966}