{"gmcc": 0.9999098133251907, "joints mean absolute error": 0.18922700705665582}