{"gmcc": 1.0000415868703234, "joints mean absolute error": 0.04823407566903034}