{"gmcc": 0.9999682925439852, "joints mean absolute error": 0.18922700705665849}