{"gmcc": 0.9999664468430278, "joints mean absolute error": 0.021763042672222326}